text,chapter,verse,unitId,content,morphologyId,en
1John,1,1,1,1,0,1
1John,1,1,2,Ὃ,1,That which
1John,1,1,3,ἦν,2,was
1John,1,1,4,ἀπʼ,3,from
1John,1,1,5,ἀρχῆς,4,the beginning
1John,1,1,6,",",0,","
1John,1,1,7,ὃ,1,which
1John,1,1,8,ἀκηκόαμεν,5,we have heard
1John,1,1,9,",",0,","
1John,1,1,10,ὃ,1,which
1John,1,1,11,ἑωράκαμεν,6,we have seen
1John,1,1,12,τοῖς,7,
1John,1,1,13,ὀφθαλμοῖς,8,with eyes
1John,1,1,14,ἡμῶν,9,our
1John,1,1,15,",",0,","
1John,1,1,16,ὃ,1,which
1John,1,1,17,ἐθεασάμεθα,10,we looked upon
1John,1,1,18,καὶ,11,and
1John,1,1,19,αἱ,12,
1John,1,1,20,χεῖρες,13,with hands
1John,1,1,21,ἡμῶν,9,our
1John,1,1,22,ἐψηλάφησαν,14,have touched
1John,1,1,23,",",0,","
1John,1,1,24,περὶ,15,concerning
1John,1,1,25,τοῦ,16,the
1John,1,1,26,λόγου,17,word
1John,1,1,27,τῆς,18,
1John,1,1,28,ζωῆς,19,of life
1John,1,1,29,—,0,—
1John,1,2,30,2,0,2
1John,1,2,31,καὶ,11,and
1John,1,2,32,ἡ,20,the
1John,1,2,33,ζωὴ,21,life
1John,1,2,34,ἐφανερώθη,22,was made manifest
1John,1,2,35,",",0,","
1John,1,2,36,καὶ,11,and
1John,1,2,37,ἑωράκαμεν,6,we have seen it
1John,1,2,38,καὶ,11,and
1John,1,2,39,μαρτυροῦμεν,23,testified to it
1John,1,2,40,καὶ,11,and 
1John,1,2,41,ἀπαγγέλλομεν,24,proclaim
1John,1,2,42,ὑμῖν,25,to you
1John,1,2,43,τὴν,26,the
1John,1,2,44,ζωὴν,27,life
1John,1,2,45,τὴν,26,
1John,1,2,46,αἰώνιον,28,eternal
1John,1,2,47,ἥτις,29,which
1John,1,2,48,ἦν,2,was
1John,1,2,49,πρὸς,30,with
1John,1,2,50,τὸν,31,the
1John,1,2,51,πατέρα,32,Father
1John,1,2,52,καὶ,11,and
1John,1,2,53,ἐφανερώθη,22,was made manifest
1John,1,2,54,ἡμῖν,33,to us
1John,1,2,55,—,0,—
1John,1,3,56,3,0,3
1John,1,3,57,ὃ,1,that which
1John,1,3,58,ἑωράκαμεν,6,we have seen
1John,1,3,59,καὶ,11,and
1John,1,3,60,ἀκηκόαμεν,5,heard
1John,1,3,61,ἀπαγγέλλομεν,24,we proclaim
1John,1,3,62,καὶ,11,also
1John,1,3,63,ὑμῖν,25,to you
1John,1,3,64,",",0,","
1John,1,3,65,ἵνα,34,so that
1John,1,3,66,καὶ,11,too
1John,1,3,67,ὑμεῖς,35,you
1John,1,3,68,κοινωνίαν,36,fellowship
1John,1,3,69,ἔχητε,37,may have
1John,1,3,70,μεθʼ,38,with
1John,1,3,71,ἡμῶν,9,us
1John,1,3,72,·,0,·
1John,1,3,73,καὶ,11,and
1John,1,3,74,ἡ,20,
1John,1,3,75,κοινωνία,39,fellowship
1John,1,3,76,δὲ,40,
1John,1,3,77,ἡ,20,
1John,1,3,78,ἡμετέρα,41,our
1John,1,3,79,μετὰ,42,with
1John,1,3,80,τοῦ,16,the
1John,1,3,81,πατρὸς,43,Father
1John,1,3,82,καὶ,11,and
1John,1,3,83,μετὰ,42,with
1John,1,3,84,τοῦ,16,
1John,1,3,85,υἱοῦ,44,son
1John,1,3,86,αὐτοῦ,45,his
1John,1,3,87,Ἰησοῦ,46,Jesus
1John,1,3,88,Χριστοῦ,47,Christ
1John,1,3,89,·,0,·
1John,1,4,90,4,0,4
1John,1,4,91,καὶ,11,and
1John,1,4,92,ταῦτα,48,these things
1John,1,4,93,γράφομεν,49,are writing
1John,1,4,94,ἡμεῖς,50,we
1John,1,4,95,ἵνα,34,so that
1John,1,4,96,ἡ,20,
1John,1,4,97,χαρὰ,51,joy
1John,1,4,98,ἡμῶν,9,our
1John,1,4,99,ᾖ,52,
1John,1,4,100,πεπληρωμένη,53,may be complete
1John,1,4,101,.,0,.
1John,1,5,102,5,0,5
1John,1,5,103,Καὶ,11,
1John,1,5,104,ἔστιν,54,is
1John,1,5,105,αὕτη,55,this
1John,1,5,106,ἡ,20,the
1John,1,5,107,ἀγγελία,56,message
1John,1,5,108,ἣν,57,
1John,1,5,109,ἀκηκόαμεν,5,we have heard
1John,1,5,110,ἀπʼ,3,from
1John,1,5,111,αὐτοῦ,45,him
1John,1,5,112,καὶ,11,and
1John,1,5,113,ἀναγγέλλομεν,58,proclaim
1John,1,5,114,ὑμῖν,25,to you
1John,1,5,115,",",0,","
1John,1,5,116,ὅτι,59,that which
1John,1,5,117,ὁ,60,
1John,1,5,118,θεὸς,61,God
1John,1,5,119,φῶς,62,light
1John,1,5,120,ἐστιν,63,is
1John,1,5,121,καὶ,11,and
1John,1,5,122,σκοτία,64,darkness
1John,1,5,123,ἐν,65,in
1John,1,5,124,αὐτῷ,66,him
1John,1,5,125,οὐκ,67,
1John,1,5,126,ἔστιν,54,is not
1John,1,5,127,οὐδεμία,68,at all
1John,1,5,128,.,0,.
1John,1,6,129,6,0,6
1John,1,6,130,ἐὰν,69,If
1John,1,6,131,εἴπωμεν,70,we say
1John,1,6,132,ὅτι,59,
1John,1,6,133,κοινωνίαν,36,fellowship
1John,1,6,134,ἔχομεν,71,we have
1John,1,6,135,μετʼ,72,with
1John,1,6,136,αὐτοῦ,45,him
1John,1,6,137,καὶ,11,while
1John,1,6,138,ἐν,65,in
1John,1,6,139,τῷ,73,
1John,1,6,140,σκότει,74,darkness
1John,1,6,141,περιπατῶμεν,75,we walk
1John,1,6,142,",",0,","
1John,1,6,143,ψευδόμεθα,76,we lie
1John,1,6,144,καὶ,11,and
1John,1,6,145,οὐ,77,
1John,1,6,146,ποιοῦμεν,78,do not practice
1John,1,6,147,τὴν,26,the
1John,1,6,148,ἀλήθειαν,79,truth
1John,1,6,149,·,0,·
1John,1,7,150,7,0,7
1John,1,7,151,ἐὰν,69,But if
1John,1,7,152,δὲ,40,
1John,1,7,153,ἐν,65,in
1John,1,7,154,τῷ,73,the
1John,1,7,155,φωτὶ,80,light
1John,1,7,156,περιπατῶμεν,75,we walk
1John,1,7,157,ὡς,81,as
1John,1,7,158,αὐτός,82,he
1John,1,7,159,ἐστιν,63,is
1John,1,7,160,ἐν,65,in
1John,1,7,161,τῷ,73,the
1John,1,7,162,φωτί,83,light
1John,1,7,163,",",0,","
1John,1,7,164,κοινωνίαν,36,fellowship
1John,1,7,165,ἔχομεν,71,we have
1John,1,7,166,μετʼ,72,with
1John,1,7,167,ἀλλήλων,84,one another
1John,1,7,168,καὶ,11,and
1John,1,7,169,τὸ,85,the
1John,1,7,170,αἷμα,86,blook
1John,1,7,171,Ἰησοῦ,46,of Jesus
1John,1,7,172,τοῦ,16,
1John,1,7,173,υἱοῦ,44,Son
1John,1,7,174,αὐτοῦ,45,his
1John,1,7,175,καθαρίζει,87,cleanses
1John,1,7,176,ἡμᾶς,88,us
1John,1,7,177,ἀπὸ,89,from
1John,1,7,178,πάσης,90,all
1John,1,7,179,ἁμαρτίας,91,sin
1John,1,7,180,.,0,.
1John,1,8,181,8,0,8
1John,1,8,182,ἐὰν,69,If
1John,1,8,183,εἴπωμεν,70,we say
1John,1,8,184,ὅτι,59,
1John,1,8,185,ἁμαρτίαν,92,sin
1John,1,8,186,οὐκ,67,
1John,1,8,187,ἔχομεν,71,we have no
1John,1,8,188,",",0,","
1John,1,8,189,ἑαυτοὺς,93,ourselves
1John,1,8,190,πλανῶμεν,94,we deceive
1John,1,8,191,καὶ,11,and
1John,1,8,192,ἡ,20,the
1John,1,8,193,ἀλήθεια,95,truth
1John,1,8,194,οὐκ,67,
1John,1,8,195,ἔστιν,54,is not
1John,1,8,196,ἐν,65,in
1John,1,8,197,ἡμῖν,33,us
1John,1,8,198,.,0,.
1John,1,9,199,9,0,9
1John,1,9,200,ἐὰν,69,If
1John,1,9,201,ὁμολογῶμεν,96,we confess
1John,1,9,202,τὰς,97,
1John,1,9,203,ἁμαρτίας,91,sins
1John,1,9,204,ἡμῶν,9,our
1John,1,9,205,",",0,","
1John,1,9,206,πιστός,98,faithful
1John,1,9,207,ἐστιν,63,he is
1John,1,9,208,καὶ,11,and
1John,1,9,209,δίκαιος,99,just
1John,1,9,210,ἵνα,34,to
1John,1,9,211,ἀφῇ,100,forgive
1John,1,9,212,ἡμῖν,33,us
1John,1,9,213,τὰς,97,our
1John,1,9,214,ἁμαρτίας,91,sins
1John,1,9,215,καὶ,11,and
1John,1,9,216,καθαρίσῃ,101,cleanse
1John,1,9,217,ἡμᾶς,88,us
1John,1,9,218,ἀπὸ,89,from
1John,1,9,219,πάσης,90,all
1John,1,9,220,ἀδικίας,102,unrighteousness
1John,1,9,221,.,0,.
1John,1,10,222,10,0,10
1John,1,10,223,ἐὰν,69,If
1John,1,10,224,εἴπωμεν,70,we say
1John,1,10,225,ὅτι,59,
1John,1,10,226,οὐχ,103,
1John,1,10,227,ἡμαρτήκαμεν,104,we have not sinned
1John,1,10,228,",",0,","
1John,1,10,229,ψεύστην,105,a liar
1John,1,10,230,ποιοῦμεν,78,we make
1John,1,10,231,αὐτὸν,106,him
1John,1,10,232,καὶ,11,and
1John,1,10,233,ὁ,60,
1John,1,10,234,λόγος,107,word
1John,1,10,235,αὐτοῦ,45,his
1John,1,10,236,οὐκ,67,
1John,1,10,237,ἔστιν,54,is not
1John,1,10,238,ἐν,65,in
1John,1,10,239,ἡμῖν,33,us
1John,1,10,240,.,0,.
1John,2,1,241,1,0,
1John,2,1,242,Τεκνία,108,
1John,2,1,243,μου,109,
1John,2,1,244,",",0,
1John,2,1,245,ταῦτα,48,
1John,2,1,246,γράφω,110,
1John,2,1,247,ὑμῖν,25,
1John,2,1,248,ἵνα,34,
1John,2,1,249,μὴ,111,
1John,2,1,250,ἁμάρτητε,112,
1John,2,1,251,.,0,
1John,2,1,252,καὶ,11,
1John,2,1,253,ἐάν,113,
1John,2,1,254,τις,114,
1John,2,1,255,ἁμάρτῃ,115,
1John,2,1,256,",",0,
1John,2,1,257,παράκλητον,116,
1John,2,1,258,ἔχομεν,71,
1John,2,1,259,πρὸς,30,
1John,2,1,260,τὸν,31,
1John,2,1,261,πατέρα,32,
1John,2,1,262,Ἰησοῦν,117,
1John,2,1,263,Χριστὸν,118,
1John,2,1,264,δίκαιον,119,
1John,2,1,265,",",0,
1John,2,2,266,2,0,
1John,2,2,267,καὶ,11,
1John,2,2,268,αὐτὸς,120,
1John,2,2,269,ἱλασμός,121,
1John,2,2,270,ἐστιν,63,
1John,2,2,271,περὶ,15,
1John,2,2,272,τῶν,122,
1John,2,2,273,ἁμαρτιῶν,123,
1John,2,2,274,ἡμῶν,9,
1John,2,2,275,",",0,
1John,2,2,276,οὐ,77,
1John,2,2,277,περὶ,15,
1John,2,2,278,τῶν,122,
1John,2,2,279,ἡμετέρων,124,
1John,2,2,280,δὲ,40,
1John,2,2,281,μόνον,125,
1John,2,2,282,ἀλλὰ,126,
1John,2,2,283,καὶ,11,
1John,2,2,284,περὶ,15,
1John,2,2,285,ὅλου,127,
1John,2,2,286,τοῦ,16,
1John,2,2,287,κόσμου,128,
1John,2,2,288,.,0,
1John,2,3,289,3,0,
1John,2,3,290,Καὶ,11,
1John,2,3,291,ἐν,65,
1John,2,3,292,τούτῳ,129,
1John,2,3,293,γινώσκομεν,130,
1John,2,3,294,ὅτι,59,
1John,2,3,295,ἐγνώκαμεν,131,
1John,2,3,296,αὐτόν,132,
1John,2,3,297,",",0,
1John,2,3,298,ἐὰν,69,
1John,2,3,299,τὰς,97,
1John,2,3,300,ἐντολὰς,133,
1John,2,3,301,αὐτοῦ,45,
1John,2,3,302,τηρῶμεν,134,
1John,2,3,303,.,0,
1John,2,4,304,4,0,
1John,2,4,305,ὁ,60,
1John,2,4,306,λέγων,135,
1John,2,4,307,ὅτι,59,
1John,2,4,308,Ἔγνωκα,136,
1John,2,4,309,αὐτὸν,106,
1John,2,4,310,καὶ,11,
1John,2,4,311,τὰς,97,
1John,2,4,312,ἐντολὰς,133,
1John,2,4,313,αὐτοῦ,45,
1John,2,4,314,μὴ,111,
1John,2,4,315,τηρῶν,137,
1John,2,4,316,ψεύστης,138,
1John,2,4,317,ἐστίν,139,
1John,2,4,318,",",0,
1John,2,4,319,καὶ,11,
1John,2,4,320,ἐν,65,
1John,2,4,321,τούτῳ,129,
1John,2,4,322,ἡ,20,
1John,2,4,323,ἀλήθεια,95,
1John,2,4,324,οὐκ,67,
1John,2,4,325,ἔστιν,54,
1John,2,4,326,·,0,
1John,2,5,327,5,0,
1John,2,5,328,ὃς,140,
1John,2,5,329,δʼ,141,
1John,2,5,330,ἂν,142,
1John,2,5,331,τηρῇ,143,
1John,2,5,332,αὐτοῦ,45,
1John,2,5,333,τὸν,31,
1John,2,5,334,λόγον,144,
1John,2,5,335,",",0,
1John,2,5,336,ἀληθῶς,145,
1John,2,5,337,ἐν,65,
1John,2,5,338,τούτῳ,129,
1John,2,5,339,ἡ,20,
1John,2,5,340,ἀγάπη,146,
1John,2,5,341,τοῦ,16,
1John,2,5,342,θεοῦ,147,
1John,2,5,343,τετελείωται,148,
1John,2,5,344,.,0,
1John,2,5,345,ἐν,65,
1John,2,5,346,τούτῳ,129,
1John,2,5,347,γινώσκομεν,130,
1John,2,5,348,ὅτι,59,
1John,2,5,349,ἐν,65,
1John,2,5,350,αὐτῷ,66,
1John,2,5,351,ἐσμεν,149,
1John,2,5,352,·,0,
1John,2,6,353,6,0,
1John,2,6,354,ὁ,60,
1John,2,6,355,λέγων,135,
1John,2,6,356,ἐν,65,
1John,2,6,357,αὐτῷ,66,
1John,2,6,358,μένειν,150,
1John,2,6,359,ὀφείλει,151,
1John,2,6,360,καθὼς,152,
1John,2,6,361,ἐκεῖνος,153,
1John,2,6,362,περιεπάτησεν,154,
1John,2,6,363,καὶ,11,
1John,2,6,364,αὐτὸς,120,
1John,2,6,365,περιπατεῖν,155,
1John,2,6,366,.,0,
1John,2,7,367,7,0,
1John,2,7,368,Ἀγαπητοί,156,
1John,2,7,369,",",0,
1John,2,7,370,οὐκ,67,
1John,2,7,371,ἐντολὴν,157,
1John,2,7,372,καινὴν,158,
1John,2,7,373,γράφω,110,
1John,2,7,374,ὑμῖν,25,
1John,2,7,375,",",0,
1John,2,7,376,ἀλλʼ,159,
1John,2,7,377,ἐντολὴν,157,
1John,2,7,378,παλαιὰν,160,
1John,2,7,379,ἣν,57,
1John,2,7,380,εἴχετε,161,
1John,2,7,381,ἀπʼ,3,
1John,2,7,382,ἀρχῆς,4,
1John,2,7,383,·,0,
1John,2,7,384,ἡ,20,
1John,2,7,385,ἐντολὴ,162,
1John,2,7,386,ἡ,20,
1John,2,7,387,παλαιά,163,
1John,2,7,388,ἐστιν,63,
1John,2,7,389,ὁ,60,
1John,2,7,390,λόγος,107,
1John,2,7,391,ὃν,164,
1John,2,7,392,ἠκούσατε,165,
1John,2,7,393,.,0,
1John,2,8,394,8,0,
1John,2,8,395,πάλιν,166,
1John,2,8,396,ἐντολὴν,157,
1John,2,8,397,καινὴν,158,
1John,2,8,398,γράφω,110,
1John,2,8,399,ὑμῖν,25,
1John,2,8,400,",",0,
1John,2,8,401,ὅ,167,
1John,2,8,402,ἐστιν,63,
1John,2,8,403,ἀληθὲς,168,
1John,2,8,404,ἐν,65,
1John,2,8,405,αὐτῷ,66,
1John,2,8,406,καὶ,11,
1John,2,8,407,ἐν,65,
1John,2,8,408,ὑμῖν,25,
1John,2,8,409,",",0,
1John,2,8,410,ὅτι,59,
1John,2,8,411,ἡ,20,
1John,2,8,412,σκοτία,64,
1John,2,8,413,παράγεται,169,
1John,2,8,414,καὶ,11,
1John,2,8,415,τὸ,85,
1John,2,8,416,φῶς,62,
1John,2,8,417,τὸ,85,
1John,2,8,418,ἀληθινὸν,170,
1John,2,8,419,ἤδη,171,
1John,2,8,420,φαίνει,172,
1John,2,8,421,.,0,
1John,2,9,422,9,0,
1John,2,9,423,ὁ,60,
1John,2,9,424,λέγων,135,
1John,2,9,425,ἐν,65,
1John,2,9,426,τῷ,73,
1John,2,9,427,φωτὶ,80,
1John,2,9,428,εἶναι,173,
1John,2,9,429,καὶ,11,
1John,2,9,430,τὸν,31,
1John,2,9,431,ἀδελφὸν,174,
1John,2,9,432,αὐτοῦ,45,
1John,2,9,433,μισῶν,175,
1John,2,9,434,ἐν,65,
1John,2,9,435,τῇ,176,
1John,2,9,436,σκοτίᾳ,177,
1John,2,9,437,ἐστὶν,178,
1John,2,9,438,ἕως,179,
1John,2,9,439,ἄρτι,180,
1John,2,9,440,.,0,
1John,2,10,441,10,0,
1John,2,10,442,ὁ,60,
1John,2,10,443,ἀγαπῶν,181,
1John,2,10,444,τὸν,31,
1John,2,10,445,ἀδελφὸν,174,
1John,2,10,446,αὐτοῦ,45,
1John,2,10,447,ἐν,65,
1John,2,10,448,τῷ,73,
1John,2,10,449,φωτὶ,80,
1John,2,10,450,μένει,182,
1John,2,10,451,",",0,
1John,2,10,452,καὶ,11,
1John,2,10,453,σκάνδαλον,183,
1John,2,10,454,ἐν,65,
1John,2,10,455,αὐτῷ,66,
1John,2,10,456,οὐκ,67,
1John,2,10,457,ἔστιν,54,
1John,2,10,458,·,0,
1John,2,11,459,11,0,
1John,2,11,460,ὁ,60,
1John,2,11,461,δὲ,40,
1John,2,11,462,μισῶν,175,
1John,2,11,463,τὸν,31,
1John,2,11,464,ἀδελφὸν,174,
1John,2,11,465,αὐτοῦ,45,
1John,2,11,466,ἐν,65,
1John,2,11,467,τῇ,176,
1John,2,11,468,σκοτίᾳ,177,
1John,2,11,469,ἐστὶν,178,
1John,2,11,470,καὶ,11,
1John,2,11,471,ἐν,65,
1John,2,11,472,τῇ,176,
1John,2,11,473,σκοτίᾳ,177,
1John,2,11,474,περιπατεῖ,184,
1John,2,11,475,",",0,
1John,2,11,476,καὶ,11,
1John,2,11,477,οὐκ,67,
1John,2,11,478,οἶδεν,185,
1John,2,11,479,ποῦ,186,
1John,2,11,480,ὑπάγει,187,
1John,2,11,481,",",0,
1John,2,11,482,ὅτι,59,
1John,2,11,483,ἡ,20,
1John,2,11,484,σκοτία,64,
1John,2,11,485,ἐτύφλωσεν,188,
1John,2,11,486,τοὺς,189,
1John,2,11,487,ὀφθαλμοὺς,190,
1John,2,11,488,αὐτοῦ,45,
1John,2,11,489,.,0,
1John,2,12,490,12,0,
1John,2,12,491,Γράφω,110,
1John,2,12,492,ὑμῖν,25,
1John,2,12,493,",",0,
1John,2,12,494,τεκνία,108,
1John,2,12,495,",",0,
1John,2,12,496,ὅτι,59,
1John,2,12,497,ἀφέωνται,191,
1John,2,12,498,ὑμῖν,25,
1John,2,12,499,αἱ,12,
1John,2,12,500,ἁμαρτίαι,192,
1John,2,12,501,διὰ,193,
1John,2,12,502,τὸ,85,
1John,2,12,503,ὄνομα,194,
1John,2,12,504,αὐτοῦ,45,
1John,2,12,505,·,0,
1John,2,13,506,13,0,
1John,2,13,507,γράφω,110,
1John,2,13,508,ὑμῖν,25,
1John,2,13,509,",",0,
1John,2,13,510,πατέρες,195,
1John,2,13,511,",",0,
1John,2,13,512,ὅτι,59,
1John,2,13,513,ἐγνώκατε,196,
1John,2,13,514,τὸν,31,
1John,2,13,515,ἀπʼ,3,
1John,2,13,516,ἀρχῆς,4,
1John,2,13,517,·,0,
1John,2,13,518,γράφω,110,
1John,2,13,519,ὑμῖν,25,
1John,2,13,520,",",0,
1John,2,13,521,νεανίσκοι,197,
1John,2,13,522,",",0,
1John,2,13,523,ὅτι,59,
1John,2,13,524,νενικήκατε,198,
1John,2,13,525,τὸν,31,
1John,2,13,526,πονηρόν,199,
1John,2,13,527,.,0,
1John,2,14,528,14,0,
1John,2,14,529,ἔγραψα,200,
1John,2,14,530,ὑμῖν,25,
1John,2,14,531,",",0,
1John,2,14,532,παιδία,201,
1John,2,14,533,",",0,
1John,2,14,534,ὅτι,59,
1John,2,14,535,ἐγνώκατε,196,
1John,2,14,536,τὸν,31,
1John,2,14,537,πατέρα,32,
1John,2,14,538,·,0,
1John,2,14,539,ἔγραψα,200,
1John,2,14,540,ὑμῖν,25,
1John,2,14,541,",",0,
1John,2,14,542,πατέρες,195,
1John,2,14,543,",",0,
1John,2,14,544,ὅτι,59,
1John,2,14,545,ἐγνώκατε,196,
1John,2,14,546,τὸν,31,
1John,2,14,547,ἀπʼ,3,
1John,2,14,548,ἀρχῆς,4,
1John,2,14,549,·,0,
1John,2,14,550,ἔγραψα,200,
1John,2,14,551,ὑμῖν,25,
1John,2,14,552,",",0,
1John,2,14,553,νεανίσκοι,197,
1John,2,14,554,",",0,
1John,2,14,555,ὅτι,59,
1John,2,14,556,ἰσχυροί,202,
1John,2,14,557,ἐστε,203,
1John,2,14,558,καὶ,11,
1John,2,14,559,ὁ,60,
1John,2,14,560,λόγος,107,
1John,2,14,561,τοῦ,16,
1John,2,14,562,θεοῦ,147,
1John,2,14,563,ἐν,65,
1John,2,14,564,ὑμῖν,25,
1John,2,14,565,μένει,182,
1John,2,14,566,καὶ,11,
1John,2,14,567,νενικήκατε,198,
1John,2,14,568,τὸν,31,
1John,2,14,569,πονηρόν,199,
1John,2,14,570,.,0,
1John,2,15,571,15,0,
1John,2,15,572,Μὴ,111,
1John,2,15,573,ἀγαπᾶτε,204,
1John,2,15,574,τὸν,31,
1John,2,15,575,κόσμον,205,
1John,2,15,576,μηδὲ,206,
1John,2,15,577,τὰ,207,
1John,2,15,578,ἐν,65,
1John,2,15,579,τῷ,73,
1John,2,15,580,κόσμῳ,208,
1John,2,15,581,.,0,
1John,2,15,582,ἐάν,113,
1John,2,15,583,τις,114,
1John,2,15,584,ἀγαπᾷ,209,
1John,2,15,585,τὸν,31,
1John,2,15,586,κόσμον,205,
1John,2,15,587,",",0,
1John,2,15,588,οὐκ,67,
1John,2,15,589,ἔστιν,54,
1John,2,15,590,ἡ,20,
1John,2,15,591,ἀγάπη,146,
1John,2,15,592,τοῦ,16,
1John,2,15,593,πατρὸς,43,
1John,2,15,594,ἐν,65,
1John,2,15,595,αὐτῷ,66,
1John,2,15,596,·,0,
1John,2,16,597,16,0,
1John,2,16,598,ὅτι,59,
1John,2,16,599,πᾶν,210,
1John,2,16,600,τὸ,85,
1John,2,16,601,ἐν,65,
1John,2,16,602,τῷ,73,
1John,2,16,603,κόσμῳ,208,
1John,2,16,604,",",0,
1John,2,16,605,ἡ,20,
1John,2,16,606,ἐπιθυμία,211,
1John,2,16,607,τῆς,18,
1John,2,16,608,σαρκὸς,212,
1John,2,16,609,καὶ,11,
1John,2,16,610,ἡ,20,
1John,2,16,611,ἐπιθυμία,211,
1John,2,16,612,τῶν,122,
1John,2,16,613,ὀφθαλμῶν,213,
1John,2,16,614,καὶ,11,
1John,2,16,615,ἡ,20,
1John,2,16,616,ἀλαζονεία,214,
1John,2,16,617,τοῦ,16,
1John,2,16,618,βίου,215,
1John,2,16,619,",",0,
1John,2,16,620,οὐκ,67,
1John,2,16,621,ἔστιν,54,
1John,2,16,622,ἐκ,216,
1John,2,16,623,τοῦ,16,
1John,2,16,624,πατρός,217,
1John,2,16,625,",",0,
1John,2,16,626,ἀλλὰ,126,
1John,2,16,627,ἐκ,216,
1John,2,16,628,τοῦ,16,
1John,2,16,629,κόσμου,128,
1John,2,16,630,ἐστίν,139,
1John,2,16,631,·,0,
1John,2,17,632,17,0,
1John,2,17,633,καὶ,11,
1John,2,17,634,ὁ,60,
1John,2,17,635,κόσμος,218,
1John,2,17,636,παράγεται,169,
1John,2,17,637,καὶ,11,
1John,2,17,638,ἡ,20,
1John,2,17,639,ἐπιθυμία,211,
1John,2,17,640,αὐτοῦ,45,
1John,2,17,641,",",0,
1John,2,17,642,ὁ,60,
1John,2,17,643,δὲ,40,
1John,2,17,644,ποιῶν,219,
1John,2,17,645,τὸ,85,
1John,2,17,646,θέλημα,220,
1John,2,17,647,τοῦ,16,
1John,2,17,648,θεοῦ,147,
1John,2,17,649,μένει,182,
1John,2,17,650,εἰς,221,
1John,2,17,651,τὸν,31,
1John,2,17,652,αἰῶνα,222,
1John,2,17,653,.,0,
1John,2,18,654,18,0,
1John,2,18,655,Παιδία,201,
1John,2,18,656,",",0,
1John,2,18,657,ἐσχάτη,223,
1John,2,18,658,ὥρα,224,
1John,2,18,659,ἐστίν,139,
1John,2,18,660,",",0,
1John,2,18,661,καὶ,11,
1John,2,18,662,καθὼς,152,
1John,2,18,663,ἠκούσατε,165,
1John,2,18,664,ὅτι,59,
1John,2,18,665,ἀντίχριστος,225,
1John,2,18,666,ἔρχεται,226,
1John,2,18,667,",",0,
1John,2,18,668,καὶ,11,
1John,2,18,669,νῦν,227,
1John,2,18,670,ἀντίχριστοι,228,
1John,2,18,671,πολλοὶ,229,
1John,2,18,672,γεγόνασιν,230,
1John,2,18,673,·,0,
1John,2,18,674,ὅθεν,231,
1John,2,18,675,γινώσκομεν,130,
1John,2,18,676,ὅτι,59,
1John,2,18,677,ἐσχάτη,223,
1John,2,18,678,ὥρα,224,
1John,2,18,679,ἐστίν,139,
1John,2,18,680,.,0,
1John,2,19,681,19,0,
1John,2,19,682,ἐξ,232,
1John,2,19,683,ἡμῶν,9,
1John,2,19,684,ἐξῆλθαν,233,
1John,2,19,685,",",0,
1John,2,19,686,ἀλλʼ,159,
1John,2,19,687,οὐκ,67,
1John,2,19,688,ἦσαν,234,
1John,2,19,689,ἐξ,232,
1John,2,19,690,ἡμῶν,9,
1John,2,19,691,·,0,
1John,2,19,692,εἰ,235,
1John,2,19,693,γὰρ,236,
1John,2,19,694,ἐξ,232,
1John,2,19,695,ἡμῶν,9,
1John,2,19,696,ἦσαν,234,
1John,2,19,697,",",0,
1John,2,19,698,μεμενήκεισαν,237,
1John,2,19,699,ἂν,142,
1John,2,19,700,μεθʼ,38,
1John,2,19,701,ἡμῶν,9,
1John,2,19,702,·,0,
1John,2,19,703,ἀλλʼ,159,
1John,2,19,704,ἵνα,34,
1John,2,19,705,φανερωθῶσιν,238,
1John,2,19,706,ὅτι,59,
1John,2,19,707,οὐκ,67,
1John,2,19,708,εἰσὶν,239,
1John,2,19,709,πάντες,240,
1John,2,19,710,ἐξ,232,
1John,2,19,711,ἡμῶν,9,
1John,2,19,712,.,0,
1John,2,20,713,20,0,
1John,2,20,714,καὶ,11,
1John,2,20,715,ὑμεῖς,35,
1John,2,20,716,χρῖσμα,241,
1John,2,20,717,ἔχετε,242,
1John,2,20,718,ἀπὸ,89,
1John,2,20,719,τοῦ,16,
1John,2,20,720,ἁγίου,243,
1John,2,20,721,καὶ,11,
1John,2,20,722,οἴδατε,244,
1John,2,20,723,πάντες,240,
1John,2,20,724,·,0,
1John,2,21,725,21,0,
1John,2,21,726,οὐκ,67,
1John,2,21,727,ἔγραψα,200,
1John,2,21,728,ὑμῖν,25,
1John,2,21,729,ὅτι,59,
1John,2,21,730,οὐκ,67,
1John,2,21,731,οἴδατε,244,
1John,2,21,732,τὴν,26,
1John,2,21,733,ἀλήθειαν,79,
1John,2,21,734,",",0,
1John,2,21,735,ἀλλʼ,159,
1John,2,21,736,ὅτι,59,
1John,2,21,737,οἴδατε,244,
1John,2,21,738,αὐτήν,245,
1John,2,21,739,",",0,
1John,2,21,740,καὶ,11,
1John,2,21,741,ὅτι,59,
1John,2,21,742,πᾶν,210,
1John,2,21,743,ψεῦδος,246,
1John,2,21,744,ἐκ,216,
1John,2,21,745,τῆς,18,
1John,2,21,746,ἀληθείας,247,
1John,2,21,747,οὐκ,67,
1John,2,21,748,ἔστιν,54,
1John,2,21,749,.,0,
1John,2,22,750,22,0,
1John,2,22,751,τίς,248,
1John,2,22,752,ἐστιν,63,
1John,2,22,753,ὁ,60,
1John,2,22,754,ψεύστης,138,
1John,2,22,755,εἰ,235,
1John,2,22,756,μὴ,111,
1John,2,22,757,ὁ,60,
1John,2,22,758,ἀρνούμενος,249,
1John,2,22,759,ὅτι,59,
1John,2,22,760,Ἰησοῦς,250,
1John,2,22,761,οὐκ,67,
1John,2,22,762,ἔστιν,54,
1John,2,22,763,ὁ,60,
1John,2,22,764,χριστός;,251,
1John,2,22,765,οὗτός,252,
1John,2,22,766,ἐστιν,63,
1John,2,22,767,ὁ,60,
1John,2,22,768,ἀντίχριστος,225,
1John,2,22,769,",",0,
1John,2,22,770,ὁ,60,
1John,2,22,771,ἀρνούμενος,249,
1John,2,22,772,τὸν,31,
1John,2,22,773,πατέρα,32,
1John,2,22,774,καὶ,11,
1John,2,22,775,τὸν,31,
1John,2,22,776,υἱόν,253,
1John,2,22,777,.,0,
1John,2,23,778,23,0,
1John,2,23,779,πᾶς,254,
1John,2,23,780,ὁ,60,
1John,2,23,781,ἀρνούμενος,249,
1John,2,23,782,τὸν,31,
1John,2,23,783,υἱὸν,255,
1John,2,23,784,οὐδὲ,256,
1John,2,23,785,τὸν,31,
1John,2,23,786,πατέρα,32,
1John,2,23,787,ἔχει,257,
1John,2,23,788,·,0,
1John,2,23,789,ὁ,60,
1John,2,23,790,ὁμολογῶν,258,
1John,2,23,791,τὸν,31,
1John,2,23,792,υἱὸν,255,
1John,2,23,793,καὶ,11,
1John,2,23,794,τὸν,31,
1John,2,23,795,πατέρα,32,
1John,2,23,796,ἔχει,257,
1John,2,23,797,.,0,
1John,2,24,798,24,0,
1John,2,24,799,ὑμεῖς,35,
1John,2,24,800,ὃ,1,
1John,2,24,801,ἠκούσατε,165,
1John,2,24,802,ἀπʼ,3,
1John,2,24,803,ἀρχῆς,4,
1John,2,24,804,",",0,
1John,2,24,805,ἐν,65,
1John,2,24,806,ὑμῖν,25,
1John,2,24,807,μενέτω,259,
1John,2,24,808,·,0,
1John,2,24,809,ἐὰν,69,
1John,2,24,810,ἐν,65,
1John,2,24,811,ὑμῖν,25,
1John,2,24,812,μείνῃ,260,
1John,2,24,813,ὃ,1,
1John,2,24,814,ἀπʼ,3,
1John,2,24,815,ἀρχῆς,4,
1John,2,24,816,ἠκούσατε,165,
1John,2,24,817,",",0,
1John,2,24,818,καὶ,11,
1John,2,24,819,ὑμεῖς,35,
1John,2,24,820,ἐν,65,
1John,2,24,821,τῷ,73,
1John,2,24,822,υἱῷ,261,
1John,2,24,823,καὶ,11,
1John,2,24,824,ἐν,65,
1John,2,24,825,τῷ,73,
1John,2,24,826,πατρὶ,262,
1John,2,24,827,μενεῖτε,263,
1John,2,24,828,.,0,
1John,2,25,829,25,0,
1John,2,25,830,καὶ,11,
1John,2,25,831,αὕτη,55,
1John,2,25,832,ἐστὶν,178,
1John,2,25,833,ἡ,20,
1John,2,25,834,ἐπαγγελία,264,
1John,2,25,835,ἣν,57,
1John,2,25,836,αὐτὸς,120,
1John,2,25,837,ἐπηγγείλατο,265,
1John,2,25,838,ἡμῖν,33,
1John,2,25,839,",",0,
1John,2,25,840,τὴν,26,
1John,2,25,841,ζωὴν,27,
1John,2,25,842,τὴν,26,
1John,2,25,843,αἰώνιον,28,
1John,2,25,844,.,0,
1John,2,26,845,26,0,
1John,2,26,846,Ταῦτα,48,
1John,2,26,847,ἔγραψα,200,
1John,2,26,848,ὑμῖν,25,
1John,2,26,849,περὶ,15,
1John,2,26,850,τῶν,122,
1John,2,26,851,πλανώντων,266,
1John,2,26,852,ὑμᾶς,267,
1John,2,26,853,.,0,
1John,2,27,854,27,0,
1John,2,27,855,καὶ,11,
1John,2,27,856,ὑμεῖς,35,
1John,2,27,857,τὸ,85,
1John,2,27,858,χρῖσμα,241,
1John,2,27,859,ὃ,1,
1John,2,27,860,ἐλάβετε,268,
1John,2,27,861,ἀπʼ,3,
1John,2,27,862,αὐτοῦ,45,
1John,2,27,863,μένει,182,
1John,2,27,864,ἐν,65,
1John,2,27,865,ὑμῖν,25,
1John,2,27,866,",",0,
1John,2,27,867,καὶ,11,
1John,2,27,868,οὐ,77,
1John,2,27,869,χρείαν,269,
1John,2,27,870,ἔχετε,242,
1John,2,27,871,ἵνα,34,
1John,2,27,872,τις,114,
1John,2,27,873,διδάσκῃ,270,
1John,2,27,874,ὑμᾶς,267,
1John,2,27,875,·,0,
1John,2,27,876,ἀλλʼ,159,
1John,2,27,877,ὡς,81,
1John,2,27,878,τὸ,85,
1John,2,27,879,αὐτοῦ,45,
1John,2,27,880,χρῖσμα,241,
1John,2,27,881,διδάσκει,271,
1John,2,27,882,ὑμᾶς,267,
1John,2,27,883,περὶ,15,
1John,2,27,884,πάντων,272,
1John,2,27,885,",",0,
1John,2,27,886,καὶ,11,
1John,2,27,887,ἀληθές,273,
1John,2,27,888,ἐστιν,63,
1John,2,27,889,καὶ,11,
1John,2,27,890,οὐκ,67,
1John,2,27,891,ἔστιν,54,
1John,2,27,892,ψεῦδος,246,
1John,2,27,893,",",0,
1John,2,27,894,καὶ,11,
1John,2,27,895,καθὼς,152,
1John,2,27,896,ἐδίδαξεν,274,
1John,2,27,897,ὑμᾶς,267,
1John,2,27,898,",",0,
1John,2,27,899,μένετε,275,
1John,2,27,900,ἐν,65,
1John,2,27,901,αὐτῷ,66,
1John,2,27,902,.,0,
1John,2,28,903,28,0,
1John,2,28,904,Καὶ,11,
1John,2,28,905,νῦν,227,
1John,2,28,906,",",0,
1John,2,28,907,τεκνία,108,
1John,2,28,908,",",0,
1John,2,28,909,μένετε,275,
1John,2,28,910,ἐν,65,
1John,2,28,911,αὐτῷ,66,
1John,2,28,912,",",0,
1John,2,28,913,ἵνα,34,
1John,2,28,914,ἐὰν,69,
1John,2,28,915,φανερωθῇ,276,
1John,2,28,916,σχῶμεν,277,
1John,2,28,917,παρρησίαν,278,
1John,2,28,918,καὶ,11,
1John,2,28,919,μὴ,111,
1John,2,28,920,αἰσχυνθῶμεν,279,
1John,2,28,921,ἀπʼ,3,
1John,2,28,922,αὐτοῦ,45,
1John,2,28,923,ἐν,65,
1John,2,28,924,τῇ,176,
1John,2,28,925,παρουσίᾳ,280,
1John,2,28,926,αὐτοῦ,45,
1John,2,28,927,.,0,
1John,2,29,928,29,0,
1John,2,29,929,ἐὰν,69,
1John,2,29,930,εἰδῆτε,281,
1John,2,29,931,ὅτι,59,
1John,2,29,932,δίκαιός,282,
1John,2,29,933,ἐστιν,63,
1John,2,29,934,",",0,
1John,2,29,935,γινώσκετε,283,
1John,2,29,936,ὅτι,59,
1John,2,29,937,πᾶς,254,
1John,2,29,938,ὁ,60,
1John,2,29,939,ποιῶν,219,
1John,2,29,940,τὴν,26,
1John,2,29,941,δικαιοσύνην,284,
1John,2,29,942,ἐξ,232,
1John,2,29,943,αὐτοῦ,45,
1John,2,29,944,γεγέννηται,285,
1John,2,29,945,.,0,
1John,3,1,946,1,0,
1John,3,1,947,ἴδετε,286,
1John,3,1,948,ποταπὴν,287,
1John,3,1,949,ἀγάπην,288,
1John,3,1,950,δέδωκεν,289,
1John,3,1,951,ἡμῖν,33,
1John,3,1,952,ὁ,60,
1John,3,1,953,πατὴρ,290,
1John,3,1,954,ἵνα,34,
1John,3,1,955,τέκνα,291,
1John,3,1,956,θεοῦ,147,
1John,3,1,957,κληθῶμεν,292,
1John,3,1,958,",",0,
1John,3,1,959,καὶ,11,
1John,3,1,960,ἐσμέν,293,
1John,3,1,961,.,0,
1John,3,1,962,διὰ,193,
1John,3,1,963,τοῦτο,294,
1John,3,1,964,ὁ,60,
1John,3,1,965,κόσμος,218,
1John,3,1,966,οὐ,77,
1John,3,1,967,γινώσκει,295,
1John,3,1,968,ἡμᾶς,88,
1John,3,1,969,ὅτι,59,
1John,3,1,970,οὐκ,67,
1John,3,1,971,ἔγνω,296,
1John,3,1,972,αὐτόν,132,
1John,3,1,973,.,0,
1John,3,2,974,2,0,
1John,3,2,975,ἀγαπητοί,156,
1John,3,2,976,",",0,
1John,3,2,977,νῦν,227,
1John,3,2,978,τέκνα,291,
1John,3,2,979,θεοῦ,147,
1John,3,2,980,ἐσμεν,149,
1John,3,2,981,",",0,
1John,3,2,982,καὶ,11,
1John,3,2,983,οὔπω,297,
1John,3,2,984,ἐφανερώθη,22,
1John,3,2,985,τί,298,
1John,3,2,986,ἐσόμεθα,299,
1John,3,2,987,.,0,
1John,3,2,988,οἴδαμεν,300,
1John,3,2,989,ὅτι,59,
1John,3,2,990,ἐὰν,69,
1John,3,2,991,φανερωθῇ,276,
1John,3,2,992,ὅμοιοι,301,
1John,3,2,993,αὐτῷ,66,
1John,3,2,994,ἐσόμεθα,299,
1John,3,2,995,",",0,
1John,3,2,996,ὅτι,59,
1John,3,2,997,ὀψόμεθα,302,
1John,3,2,998,αὐτὸν,106,
1John,3,2,999,καθώς,303,
1John,3,2,1000,ἐστιν,63,
1John,3,2,1001,.,0,
1John,3,3,1002,3,0,
1John,3,3,1003,καὶ,11,
1John,3,3,1004,πᾶς,254,
1John,3,3,1005,ὁ,60,
1John,3,3,1006,ἔχων,304,
1John,3,3,1007,τὴν,26,
1John,3,3,1008,ἐλπίδα,305,
1John,3,3,1009,ταύτην,306,
1John,3,3,1010,ἐπʼ,307,
1John,3,3,1011,αὐτῷ,66,
1John,3,3,1012,ἁγνίζει,308,
1John,3,3,1013,ἑαυτὸν,309,
1John,3,3,1014,καθὼς,152,
1John,3,3,1015,ἐκεῖνος,153,
1John,3,3,1016,ἁγνός,310,
1John,3,3,1017,ἐστιν,63,
1John,3,3,1018,.,0,
1John,3,4,1019,4,0,
1John,3,4,1020,Πᾶς,254,
1John,3,4,1021,ὁ,60,
1John,3,4,1022,ποιῶν,219,
1John,3,4,1023,τὴν,26,
1John,3,4,1024,ἁμαρτίαν,92,
1John,3,4,1025,καὶ,11,
1John,3,4,1026,τὴν,26,
1John,3,4,1027,ἀνομίαν,311,
1John,3,4,1028,ποιεῖ,312,
1John,3,4,1029,",",0,
1John,3,4,1030,καὶ,11,
1John,3,4,1031,ἡ,20,
1John,3,4,1032,ἁμαρτία,313,
1John,3,4,1033,ἐστὶν,178,
1John,3,4,1034,ἡ,20,
1John,3,4,1035,ἀνομία,314,
1John,3,4,1036,.,0,
1John,3,5,1037,5,0,
1John,3,5,1038,καὶ,11,
1John,3,5,1039,οἴδατε,244,
1John,3,5,1040,ὅτι,59,
1John,3,5,1041,ἐκεῖνος,153,
1John,3,5,1042,ἐφανερώθη,22,
1John,3,5,1043,ἵνα,34,
1John,3,5,1044,τὰς,97,
1John,3,5,1045,ἁμαρτίας,91,
1John,3,5,1046,ἄρῃ,315,
1John,3,5,1047,",",0,
1John,3,5,1048,καὶ,11,
1John,3,5,1049,ἁμαρτία,313,
1John,3,5,1050,ἐν,65,
1John,3,5,1051,αὐτῷ,66,
1John,3,5,1052,οὐκ,67,
1John,3,5,1053,ἔστιν,54,
1John,3,5,1054,.,0,
1John,3,6,1055,6,0,
1John,3,6,1056,πᾶς,254,
1John,3,6,1057,ὁ,60,
1John,3,6,1058,ἐν,65,
1John,3,6,1059,αὐτῷ,66,
1John,3,6,1060,μένων,316,
1John,3,6,1061,οὐχ,103,
1John,3,6,1062,ἁμαρτάνει,317,
1John,3,6,1063,·,0,
1John,3,6,1064,πᾶς,254,
1John,3,6,1065,ὁ,60,
1John,3,6,1066,ἁμαρτάνων,318,
1John,3,6,1067,οὐχ,103,
1John,3,6,1068,ἑώρακεν,319,
1John,3,6,1069,αὐτὸν,106,
1John,3,6,1070,οὐδὲ,256,
1John,3,6,1071,ἔγνωκεν,320,
1John,3,6,1072,αὐτόν,132,
1John,3,6,1073,.,0,
1John,3,7,1074,7,0,
1John,3,7,1075,τεκνία,108,
1John,3,7,1076,",",0,
1John,3,7,1077,μηδεὶς,321,
1John,3,7,1078,πλανάτω,322,
1John,3,7,1079,ὑμᾶς,267,
1John,3,7,1080,·,0,
1John,3,7,1081,ὁ,60,
1John,3,7,1082,ποιῶν,219,
1John,3,7,1083,τὴν,26,
1John,3,7,1084,δικαιοσύνην,284,
1John,3,7,1085,δίκαιός,282,
1John,3,7,1086,ἐστιν,63,
1John,3,7,1087,",",0,
1John,3,7,1088,καθὼς,152,
1John,3,7,1089,ἐκεῖνος,153,
1John,3,7,1090,δίκαιός,282,
1John,3,7,1091,ἐστιν,63,
1John,3,7,1092,·,0,
1John,3,8,1093,8,0,
1John,3,8,1094,ὁ,60,
1John,3,8,1095,ποιῶν,219,
1John,3,8,1096,τὴν,26,
1John,3,8,1097,ἁμαρτίαν,92,
1John,3,8,1098,ἐκ,216,
1John,3,8,1099,τοῦ,16,
1John,3,8,1100,διαβόλου,323,
1John,3,8,1101,ἐστίν,139,
1John,3,8,1102,",",0,
1John,3,8,1103,ὅτι,59,
1John,3,8,1104,ἀπʼ,3,
1John,3,8,1105,ἀρχῆς,4,
1John,3,8,1106,ὁ,60,
1John,3,8,1107,διάβολος,324,
1John,3,8,1108,ἁμαρτάνει,317,
1John,3,8,1109,.,0,
1John,3,8,1110,εἰς,221,
1John,3,8,1111,τοῦτο,294,
1John,3,8,1112,ἐφανερώθη,22,
1John,3,8,1113,ὁ,60,
1John,3,8,1114,υἱὸς,325,
1John,3,8,1115,τοῦ,16,
1John,3,8,1116,θεοῦ,147,
1John,3,8,1117,ἵνα,34,
1John,3,8,1118,λύσῃ,326,
1John,3,8,1119,τὰ,207,
1John,3,8,1120,ἔργα,327,
1John,3,8,1121,τοῦ,16,
1John,3,8,1122,διαβόλου,323,
1John,3,8,1123,.,0,
1John,3,9,1124,9,0,
1John,3,9,1125,πᾶς,254,
1John,3,9,1126,ὁ,60,
1John,3,9,1127,γεγεννημένος,328,
1John,3,9,1128,ἐκ,216,
1John,3,9,1129,τοῦ,16,
1John,3,9,1130,θεοῦ,147,
1John,3,9,1131,ἁμαρτίαν,92,
1John,3,9,1132,οὐ,77,
1John,3,9,1133,ποιεῖ,312,
1John,3,9,1134,",",0,
1John,3,9,1135,ὅτι,59,
1John,3,9,1136,σπέρμα,329,
1John,3,9,1137,αὐτοῦ,45,
1John,3,9,1138,ἐν,65,
1John,3,9,1139,αὐτῷ,66,
1John,3,9,1140,μένει,182,
1John,3,9,1141,",",0,
1John,3,9,1142,καὶ,11,
1John,3,9,1143,οὐ,77,
1John,3,9,1144,δύναται,330,
1John,3,9,1145,ἁμαρτάνειν,331,
1John,3,9,1146,",",0,
1John,3,9,1147,ὅτι,59,
1John,3,9,1148,ἐκ,216,
1John,3,9,1149,τοῦ,16,
1John,3,9,1150,θεοῦ,147,
1John,3,9,1151,γεγέννηται,285,
1John,3,9,1152,.,0,
1John,3,10,1153,10,0,
1John,3,10,1154,ἐν,65,
1John,3,10,1155,τούτῳ,129,
1John,3,10,1156,φανερά,332,
1John,3,10,1157,ἐστιν,63,
1John,3,10,1158,τὰ,207,
1John,3,10,1159,τέκνα,291,
1John,3,10,1160,τοῦ,16,
1John,3,10,1161,θεοῦ,147,
1John,3,10,1162,καὶ,11,
1John,3,10,1163,τὰ,207,
1John,3,10,1164,τέκνα,291,
1John,3,10,1165,τοῦ,16,
1John,3,10,1166,διαβόλου,323,
1John,3,10,1167,·,0,
1John,3,10,1168,πᾶς,254,
1John,3,10,1169,ὁ,60,
1John,3,10,1170,μὴ,111,
1John,3,10,1171,ποιῶν,219,
1John,3,10,1172,δικαιοσύνην,284,
1John,3,10,1173,οὐκ,67,
1John,3,10,1174,ἔστιν,54,
1John,3,10,1175,ἐκ,216,
1John,3,10,1176,τοῦ,16,
1John,3,10,1177,θεοῦ,147,
1John,3,10,1178,",",0,
1John,3,10,1179,καὶ,11,
1John,3,10,1180,ὁ,60,
1John,3,10,1181,μὴ,111,
1John,3,10,1182,ἀγαπῶν,181,
1John,3,10,1183,τὸν,31,
1John,3,10,1184,ἀδελφὸν,174,
1John,3,10,1185,αὐτοῦ,45,
1John,3,10,1186,.,0,
1John,3,11,1187,11,0,
1John,3,11,1188,Ὅτι,59,
1John,3,11,1189,αὕτη,55,
1John,3,11,1190,ἐστὶν,178,
1John,3,11,1191,ἡ,20,
1John,3,11,1192,ἀγγελία,56,
1John,3,11,1193,ἣν,57,
1John,3,11,1194,ἠκούσατε,165,
1John,3,11,1195,ἀπʼ,3,
1John,3,11,1196,ἀρχῆς,4,
1John,3,11,1197,",",0,
1John,3,11,1198,ἵνα,34,
1John,3,11,1199,ἀγαπῶμεν,333,
1John,3,11,1200,ἀλλήλους,334,
1John,3,11,1201,·,0,
1John,3,12,1202,12,0,
1John,3,12,1203,οὐ,77,
1John,3,12,1204,καθὼς,152,
1John,3,12,1205,Κάϊν,335,
1John,3,12,1206,ἐκ,216,
1John,3,12,1207,τοῦ,16,
1John,3,12,1208,πονηροῦ,336,
1John,3,12,1209,ἦν,2,
1John,3,12,1210,καὶ,11,
1John,3,12,1211,ἔσφαξεν,337,
1John,3,12,1212,τὸν,31,
1John,3,12,1213,ἀδελφὸν,174,
1John,3,12,1214,αὐτοῦ,45,
1John,3,12,1215,·,0,
1John,3,12,1216,καὶ,11,
1John,3,12,1217,χάριν,338,
1John,3,12,1218,τίνος,339,
1John,3,12,1219,ἔσφαξεν,337,
1John,3,12,1220,αὐτόν;,340,
1John,3,12,1221,ὅτι,59,
1John,3,12,1222,τὰ,207,
1John,3,12,1223,ἔργα,327,
1John,3,12,1224,αὐτοῦ,45,
1John,3,12,1225,πονηρὰ,341,
1John,3,12,1226,ἦν,2,
1John,3,12,1227,",",0,
1John,3,12,1228,τὰ,207,
1John,3,12,1229,δὲ,40,
1John,3,12,1230,τοῦ,16,
1John,3,12,1231,ἀδελφοῦ,342,
1John,3,12,1232,αὐτοῦ,45,
1John,3,12,1233,δίκαια,343,
1John,3,12,1234,.,0,
1John,3,13,1235,13,0,
1John,3,13,1236,μὴ,111,
1John,3,13,1237,θαυμάζετε,344,
1John,3,13,1238,",",0,
1John,3,13,1239,ἀδελφοί,345,
1John,3,13,1240,",",0,
1John,3,13,1241,εἰ,235,
1John,3,13,1242,μισεῖ,346,
1John,3,13,1243,ὑμᾶς,267,
1John,3,13,1244,ὁ,60,
1John,3,13,1245,κόσμος,218,
1John,3,13,1246,.,0,
1John,3,14,1247,14,0,
1John,3,14,1248,ἡμεῖς,50,
1John,3,14,1249,οἴδαμεν,300,
1John,3,14,1250,ὅτι,59,
1John,3,14,1251,μεταβεβήκαμεν,347,
1John,3,14,1252,ἐκ,216,
1John,3,14,1253,τοῦ,16,
1John,3,14,1254,θανάτου,348,
1John,3,14,1255,εἰς,221,
1John,3,14,1256,τὴν,26,
1John,3,14,1257,ζωήν,349,
1John,3,14,1258,",",0,
1John,3,14,1259,ὅτι,59,
1John,3,14,1260,ἀγαπῶμεν,333,
1John,3,14,1261,τοὺς,189,
1John,3,14,1262,ἀδελφούς,350,
1John,3,14,1263,·,0,
1John,3,14,1264,ὁ,60,
1John,3,14,1265,μὴ,111,
1John,3,14,1266,ἀγαπῶν,181,
1John,3,14,1267,μένει,182,
1John,3,14,1268,ἐν,65,
1John,3,14,1269,τῷ,73,
1John,3,14,1270,θανάτῳ,351,
1John,3,14,1271,.,0,
1John,3,15,1272,15,0,
1John,3,15,1273,πᾶς,254,
1John,3,15,1274,ὁ,60,
1John,3,15,1275,μισῶν,175,
1John,3,15,1276,τὸν,31,
1John,3,15,1277,ἀδελφὸν,174,
1John,3,15,1278,αὐτοῦ,45,
1John,3,15,1279,ἀνθρωποκτόνος,352,
1John,3,15,1280,ἐστίν,139,
1John,3,15,1281,",",0,
1John,3,15,1282,καὶ,11,
1John,3,15,1283,οἴδατε,244,
1John,3,15,1284,ὅτι,59,
1John,3,15,1285,πᾶς,254,
1John,3,15,1286,ἀνθρωποκτόνος,352,
1John,3,15,1287,οὐκ,67,
1John,3,15,1288,ἔχει,257,
1John,3,15,1289,ζωὴν,27,
1John,3,15,1290,αἰώνιον,28,
1John,3,15,1291,ἐν,65,
1John,3,15,1292,αὐτῷ,66,
1John,3,15,1293,μένουσαν,353,
1John,3,15,1294,.,0,
1John,3,16,1295,16,0,
1John,3,16,1296,ἐν,65,
1John,3,16,1297,τούτῳ,129,
1John,3,16,1298,ἐγνώκαμεν,131,
1John,3,16,1299,τὴν,26,
1John,3,16,1300,ἀγάπην,288,
1John,3,16,1301,",",0,
1John,3,16,1302,ὅτι,59,
1John,3,16,1303,ἐκεῖνος,153,
1John,3,16,1304,ὑπὲρ,354,
1John,3,16,1305,ἡμῶν,9,
1John,3,16,1306,τὴν,26,
1John,3,16,1307,ψυχὴν,355,
1John,3,16,1308,αὐτοῦ,45,
1John,3,16,1309,ἔθηκεν,356,
1John,3,16,1310,·,0,
1John,3,16,1311,καὶ,11,
1John,3,16,1312,ἡμεῖς,50,
1John,3,16,1313,ὀφείλομεν,357,
1John,3,16,1314,ὑπὲρ,354,
1John,3,16,1315,τῶν,122,
1John,3,16,1316,ἀδελφῶν,358,
1John,3,16,1317,τὰς,97,
1John,3,16,1318,ψυχὰς,359,
1John,3,16,1319,θεῖναι,360,
1John,3,16,1320,.,0,
1John,3,17,1321,17,0,
1John,3,17,1322,ὃς,140,
1John,3,17,1323,δʼ,141,
1John,3,17,1324,ἂν,142,
1John,3,17,1325,ἔχῃ,361,
1John,3,17,1326,τὸν,31,
1John,3,17,1327,βίον,362,
1John,3,17,1328,τοῦ,16,
1John,3,17,1329,κόσμου,128,
1John,3,17,1330,καὶ,11,
1John,3,17,1331,θεωρῇ,363,
1John,3,17,1332,τὸν,31,
1John,3,17,1333,ἀδελφὸν,174,
1John,3,17,1334,αὐτοῦ,45,
1John,3,17,1335,χρείαν,269,
1John,3,17,1336,ἔχοντα,364,
1John,3,17,1337,καὶ,11,
1John,3,17,1338,κλείσῃ,365,
1John,3,17,1339,τὰ,207,
1John,3,17,1340,σπλάγχνα,366,
1John,3,17,1341,αὐτοῦ,45,
1John,3,17,1342,ἀπʼ,3,
1John,3,17,1343,αὐτοῦ,45,
1John,3,17,1344,",",0,
1John,3,17,1345,πῶς,367,
1John,3,17,1346,ἡ,20,
1John,3,17,1347,ἀγάπη,146,
1John,3,17,1348,τοῦ,16,
1John,3,17,1349,θεοῦ,147,
1John,3,17,1350,μένει,182,
1John,3,17,1351,ἐν,65,
1John,3,17,1352,αὐτῷ;,368,
1John,3,18,1353,18,0,
1John,3,18,1354,Τεκνία,108,
1John,3,18,1355,",",0,
1John,3,18,1356,μὴ,111,
1John,3,18,1357,ἀγαπῶμεν,333,
1John,3,18,1358,λόγῳ,369,
1John,3,18,1359,μηδὲ,206,
1John,3,18,1360,τῇ,176,
1John,3,18,1361,γλώσσῃ,370,
1John,3,18,1362,ἀλλὰ,126,
1John,3,18,1363,ἐν,65,
1John,3,18,1364,ἔργῳ,371,
1John,3,18,1365,καὶ,11,
1John,3,18,1366,ἀληθείᾳ,372,
1John,3,18,1367,.,0,
1John,3,19,1368,19,0,
1John,3,19,1369,ἐν,65,
1John,3,19,1370,τούτῳ,129,
1John,3,19,1371,γνωσόμεθα,373,
1John,3,19,1372,ὅτι,59,
1John,3,19,1373,ἐκ,216,
1John,3,19,1374,τῆς,18,
1John,3,19,1375,ἀληθείας,247,
1John,3,19,1376,ἐσμέν,293,
1John,3,19,1377,",",0,
1John,3,19,1378,καὶ,11,
1John,3,19,1379,ἔμπροσθεν,374,
1John,3,19,1380,αὐτοῦ,45,
1John,3,19,1381,πείσομεν,375,
1John,3,19,1382,τὴν,26,
1John,3,19,1383,καρδίαν,376,
1John,3,19,1384,ἡμῶν,9,
1John,3,20,1385,20,0,
1John,3,20,1386,ὅτι,59,
1John,3,20,1387,ἐὰν,69,
1John,3,20,1388,καταγινώσκῃ,377,
1John,3,20,1389,ἡμῶν,9,
1John,3,20,1390,ἡ,20,
1John,3,20,1391,καρδία,378,
1John,3,20,1392,",",0,
1John,3,20,1393,ὅτι,59,
1John,3,20,1394,μείζων,379,
1John,3,20,1395,ἐστὶν,178,
1John,3,20,1396,ὁ,60,
1John,3,20,1397,θεὸς,61,
1John,3,20,1398,τῆς,18,
1John,3,20,1399,καρδίας,380,
1John,3,20,1400,ἡμῶν,9,
1John,3,20,1401,καὶ,11,
1John,3,20,1402,γινώσκει,295,
1John,3,20,1403,πάντα,381,
1John,3,20,1404,.,0,
1John,3,21,1405,21,0,
1John,3,21,1406,ἀγαπητοί,156,
1John,3,21,1407,",",0,
1John,3,21,1408,ἐὰν,69,
1John,3,21,1409,ἡ,20,
1John,3,21,1410,καρδία,378,
1John,3,21,1411,μὴ,111,
1John,3,21,1412,καταγινώσκῃ,377,
1John,3,21,1413,ἡμῶν,9,
1John,3,21,1414,",",0,
1John,3,21,1415,παρρησίαν,278,
1John,3,21,1416,ἔχομεν,71,
1John,3,21,1417,πρὸς,30,
1John,3,21,1418,τὸν,31,
1John,3,21,1419,θεόν,382,
1John,3,21,1420,",",0,
1John,3,22,1421,22,0,
1John,3,22,1422,καὶ,11,
1John,3,22,1423,ὃ,1,
1John,3,22,1424,ἐὰν,69,
1John,3,22,1425,αἰτῶμεν,383,
1John,3,22,1426,λαμβάνομεν,384,
1John,3,22,1427,ἀπʼ,3,
1John,3,22,1428,αὐτοῦ,45,
1John,3,22,1429,",",0,
1John,3,22,1430,ὅτι,59,
1John,3,22,1431,τὰς,97,
1John,3,22,1432,ἐντολὰς,133,
1John,3,22,1433,αὐτοῦ,45,
1John,3,22,1434,τηροῦμεν,385,
1John,3,22,1435,καὶ,11,
1John,3,22,1436,τὰ,207,
1John,3,22,1437,ἀρεστὰ,386,
1John,3,22,1438,ἐνώπιον,387,
1John,3,22,1439,αὐτοῦ,45,
1John,3,22,1440,ποιοῦμεν,78,
1John,3,22,1441,.,0,
1John,3,23,1442,23,0,
1John,3,23,1443,καὶ,11,
1John,3,23,1444,αὕτη,55,
1John,3,23,1445,ἐστὶν,178,
1John,3,23,1446,ἡ,20,
1John,3,23,1447,ἐντολὴ,162,
1John,3,23,1448,αὐτοῦ,45,
1John,3,23,1449,",",0,
1John,3,23,1450,ἵνα,34,
1John,3,23,1451,πιστεύσωμεν,388,
1John,3,23,1452,τῷ,73,
1John,3,23,1453,ὀνόματι,389,
1John,3,23,1454,τοῦ,16,
1John,3,23,1455,υἱοῦ,44,
1John,3,23,1456,αὐτοῦ,45,
1John,3,23,1457,Ἰησοῦ,46,
1John,3,23,1458,Χριστοῦ,47,
1John,3,23,1459,καὶ,11,
1John,3,23,1460,ἀγαπῶμεν,333,
1John,3,23,1461,ἀλλήλους,334,
1John,3,23,1462,",",0,
1John,3,23,1463,καθὼς,152,
1John,3,23,1464,ἔδωκεν,390,
1John,3,23,1465,ἐντολὴν,157,
1John,3,23,1466,ἡμῖν,33,
1John,3,23,1467,.,0,
1John,3,24,1468,24,0,
1John,3,24,1469,καὶ,11,
1John,3,24,1470,ὁ,60,
1John,3,24,1471,τηρῶν,137,
1John,3,24,1472,τὰς,97,
1John,3,24,1473,ἐντολὰς,133,
1John,3,24,1474,αὐτοῦ,45,
1John,3,24,1475,ἐν,65,
1John,3,24,1476,αὐτῷ,66,
1John,3,24,1477,μένει,182,
1John,3,24,1478,καὶ,11,
1John,3,24,1479,αὐτὸς,120,
1John,3,24,1480,ἐν,65,
1John,3,24,1481,αὐτῷ,66,
1John,3,24,1482,·,0,
1John,3,24,1483,καὶ,11,
1John,3,24,1484,ἐν,65,
1John,3,24,1485,τούτῳ,129,
1John,3,24,1486,γινώσκομεν,130,
1John,3,24,1487,ὅτι,59,
1John,3,24,1488,μένει,182,
1John,3,24,1489,ἐν,65,
1John,3,24,1490,ἡμῖν,33,
1John,3,24,1491,",",0,
1John,3,24,1492,ἐκ,216,
1John,3,24,1493,τοῦ,16,
1John,3,24,1494,πνεύματος,391,
1John,3,24,1495,οὗ,392,
1John,3,24,1496,ἡμῖν,33,
1John,3,24,1497,ἔδωκεν,390,
1John,3,24,1498,.,0,
1John,4,1,1499,1,0,
1John,4,1,1500,Ἀγαπητοί,156,
1John,4,1,1501,",",0,
1John,4,1,1502,μὴ,111,
1John,4,1,1503,παντὶ,393,
1John,4,1,1504,πνεύματι,394,
1John,4,1,1505,πιστεύετε,395,
1John,4,1,1506,",",0,
1John,4,1,1507,ἀλλὰ,126,
1John,4,1,1508,δοκιμάζετε,396,
1John,4,1,1509,τὰ,207,
1John,4,1,1510,πνεύματα,397,
1John,4,1,1511,εἰ,235,
1John,4,1,1512,ἐκ,216,
1John,4,1,1513,τοῦ,16,
1John,4,1,1514,θεοῦ,147,
1John,4,1,1515,ἐστιν,63,
1John,4,1,1516,",",0,
1John,4,1,1517,ὅτι,59,
1John,4,1,1518,πολλοὶ,229,
1John,4,1,1519,ψευδοπροφῆται,398,
1John,4,1,1520,ἐξεληλύθασιν,399,
1John,4,1,1521,εἰς,221,
1John,4,1,1522,τὸν,31,
1John,4,1,1523,κόσμον,205,
1John,4,1,1524,.,0,
1John,4,2,1525,2,0,
1John,4,2,1526,ἐν,65,
1John,4,2,1527,τούτῳ,129,
1John,4,2,1528,γινώσκετε,283,
1John,4,2,1529,τὸ,85,
1John,4,2,1530,πνεῦμα,400,
1John,4,2,1531,τοῦ,16,
1John,4,2,1532,θεοῦ,147,
1John,4,2,1533,·,0,
1John,4,2,1534,πᾶν,210,
1John,4,2,1535,πνεῦμα,400,
1John,4,2,1536,ὃ,1,
1John,4,2,1537,ὁμολογεῖ,401,
1John,4,2,1538,Ἰησοῦν,117,
1John,4,2,1539,Χριστὸν,118,
1John,4,2,1540,ἐν,65,
1John,4,2,1541,σαρκὶ,402,
1John,4,2,1542,ἐληλυθότα,403,
1John,4,2,1543,ἐκ,216,
1John,4,2,1544,τοῦ,16,
1John,4,2,1545,θεοῦ,147,
1John,4,2,1546,ἐστιν,63,
1John,4,2,1547,",",0,
1John,4,3,1548,3,0,
1John,4,3,1549,καὶ,11,
1John,4,3,1550,πᾶν,210,
1John,4,3,1551,πνεῦμα,400,
1John,4,3,1552,ὃ,1,
1John,4,3,1553,μὴ,111,
1John,4,3,1554,ὁμολογεῖ,401,
1John,4,3,1555,τὸν,31,
1John,4,3,1556,Ἰησοῦν,117,
1John,4,3,1557,ἐκ,216,
1John,4,3,1558,τοῦ,16,
1John,4,3,1559,θεοῦ,147,
1John,4,3,1560,οὐκ,67,
1John,4,3,1561,ἔστιν,54,
1John,4,3,1562,·,0,
1John,4,3,1563,καὶ,11,
1John,4,3,1564,τοῦτό,404,
1John,4,3,1565,ἐστιν,63,
1John,4,3,1566,τὸ,85,
1John,4,3,1567,τοῦ,16,
1John,4,3,1568,ἀντιχρίστου,405,
1John,4,3,1569,",",0,
1John,4,3,1570,ὃ,1,
1John,4,3,1571,ἀκηκόατε,406,
1John,4,3,1572,ὅτι,59,
1John,4,3,1573,ἔρχεται,226,
1John,4,3,1574,",",0,
1John,4,3,1575,καὶ,11,
1John,4,3,1576,νῦν,227,
1John,4,3,1577,ἐν,65,
1John,4,3,1578,τῷ,73,
1John,4,3,1579,κόσμῳ,208,
1John,4,3,1580,ἐστὶν,178,
1John,4,3,1581,ἤδη,171,
1John,4,3,1582,.,0,
1John,4,4,1583,4,0,
1John,4,4,1584,ὑμεῖς,35,
1John,4,4,1585,ἐκ,216,
1John,4,4,1586,τοῦ,16,
1John,4,4,1587,θεοῦ,147,
1John,4,4,1588,ἐστε,203,
1John,4,4,1589,",",0,
1John,4,4,1590,τεκνία,108,
1John,4,4,1591,",",0,
1John,4,4,1592,καὶ,11,
1John,4,4,1593,νενικήκατε,198,
1John,4,4,1594,αὐτούς,407,
1John,4,4,1595,",",0,
1John,4,4,1596,ὅτι,59,
1John,4,4,1597,μείζων,379,
1John,4,4,1598,ἐστὶν,178,
1John,4,4,1599,ὁ,60,
1John,4,4,1600,ἐν,65,
1John,4,4,1601,ὑμῖν,25,
1John,4,4,1602,ἢ,408,
1John,4,4,1603,ὁ,60,
1John,4,4,1604,ἐν,65,
1John,4,4,1605,τῷ,73,
1John,4,4,1606,κόσμῳ,208,
1John,4,4,1607,·,0,
1John,4,5,1608,5,0,
1John,4,5,1609,αὐτοὶ,409,
1John,4,5,1610,ἐκ,216,
1John,4,5,1611,τοῦ,16,
1John,4,5,1612,κόσμου,128,
1John,4,5,1613,εἰσίν,410,
1John,4,5,1614,·,0,
1John,4,5,1615,διὰ,193,
1John,4,5,1616,τοῦτο,294,
1John,4,5,1617,ἐκ,216,
1John,4,5,1618,τοῦ,16,
1John,4,5,1619,κόσμου,128,
1John,4,5,1620,λαλοῦσιν,411,
1John,4,5,1621,καὶ,11,
1John,4,5,1622,ὁ,60,
1John,4,5,1623,κόσμος,218,
1John,4,5,1624,αὐτῶν,412,
1John,4,5,1625,ἀκούει,413,
1John,4,5,1626,.,0,
1John,4,6,1627,6,0,
1John,4,6,1628,ἡμεῖς,50,
1John,4,6,1629,ἐκ,216,
1John,4,6,1630,τοῦ,16,
1John,4,6,1631,θεοῦ,147,
1John,4,6,1632,ἐσμεν,149,
1John,4,6,1633,·,0,
1John,4,6,1634,ὁ,60,
1John,4,6,1635,γινώσκων,414,
1John,4,6,1636,τὸν,31,
1John,4,6,1637,θεὸν,415,
1John,4,6,1638,ἀκούει,413,
1John,4,6,1639,ἡμῶν,9,
1John,4,6,1640,",",0,
1John,4,6,1641,ὃς,140,
1John,4,6,1642,οὐκ,67,
1John,4,6,1643,ἔστιν,54,
1John,4,6,1644,ἐκ,216,
1John,4,6,1645,τοῦ,16,
1John,4,6,1646,θεοῦ,147,
1John,4,6,1647,οὐκ,67,
1John,4,6,1648,ἀκούει,413,
1John,4,6,1649,ἡμῶν,9,
1John,4,6,1650,.,0,
1John,4,6,1651,ἐκ,216,
1John,4,6,1652,τούτου,416,
1John,4,6,1653,γινώσκομεν,130,
1John,4,6,1654,τὸ,85,
1John,4,6,1655,πνεῦμα,400,
1John,4,6,1656,τῆς,18,
1John,4,6,1657,ἀληθείας,247,
1John,4,6,1658,καὶ,11,
1John,4,6,1659,τὸ,85,
1John,4,6,1660,πνεῦμα,400,
1John,4,6,1661,τῆς,18,
1John,4,6,1662,πλάνης,417,
1John,4,6,1663,.,0,
1John,4,7,1664,7,0,
1John,4,7,1665,Ἀγαπητοί,156,
1John,4,7,1666,",",0,
1John,4,7,1667,ἀγαπῶμεν,333,
1John,4,7,1668,ἀλλήλους,334,
1John,4,7,1669,",",0,
1John,4,7,1670,ὅτι,59,
1John,4,7,1671,ἡ,20,
1John,4,7,1672,ἀγάπη,146,
1John,4,7,1673,ἐκ,216,
1John,4,7,1674,τοῦ,16,
1John,4,7,1675,θεοῦ,147,
1John,4,7,1676,ἐστιν,63,
1John,4,7,1677,",",0,
1John,4,7,1678,καὶ,11,
1John,4,7,1679,πᾶς,254,
1John,4,7,1680,ὁ,60,
1John,4,7,1681,ἀγαπῶν,181,
1John,4,7,1682,ἐκ,216,
1John,4,7,1683,τοῦ,16,
1John,4,7,1684,θεοῦ,147,
1John,4,7,1685,γεγέννηται,285,
1John,4,7,1686,καὶ,11,
1John,4,7,1687,γινώσκει,295,
1John,4,7,1688,τὸν,31,
1John,4,7,1689,θεόν,382,
1John,4,7,1690,.,0,
1John,4,8,1691,8,0,
1John,4,8,1692,ὁ,60,
1John,4,8,1693,μὴ,111,
1John,4,8,1694,ἀγαπῶν,181,
1John,4,8,1695,οὐκ,67,
1John,4,8,1696,ἔγνω,296,
1John,4,8,1697,τὸν,31,
1John,4,8,1698,θεόν,382,
1John,4,8,1699,",",0,
1John,4,8,1700,ὅτι,59,
1John,4,8,1701,ὁ,60,
1John,4,8,1702,θεὸς,61,
1John,4,8,1703,ἀγάπη,146,
1John,4,8,1704,ἐστίν,139,
1John,4,8,1705,.,0,
1John,4,9,1706,9,0,
1John,4,9,1707,ἐν,65,
1John,4,9,1708,τούτῳ,129,
1John,4,9,1709,ἐφανερώθη,22,
1John,4,9,1710,ἡ,20,
1John,4,9,1711,ἀγάπη,146,
1John,4,9,1712,τοῦ,16,
1John,4,9,1713,θεοῦ,147,
1John,4,9,1714,ἐν,65,
1John,4,9,1715,ἡμῖν,33,
1John,4,9,1716,",",0,
1John,4,9,1717,ὅτι,59,
1John,4,9,1718,τὸν,31,
1John,4,9,1719,υἱὸν,255,
1John,4,9,1720,αὐτοῦ,45,
1John,4,9,1721,τὸν,31,
1John,4,9,1722,μονογενῆ,418,
1John,4,9,1723,ἀπέσταλκεν,419,
1John,4,9,1724,ὁ,60,
1John,4,9,1725,θεὸς,61,
1John,4,9,1726,εἰς,221,
1John,4,9,1727,τὸν,31,
1John,4,9,1728,κόσμον,205,
1John,4,9,1729,ἵνα,34,
1John,4,9,1730,ζήσωμεν,420,
1John,4,9,1731,διʼ,421,
1John,4,9,1732,αὐτοῦ,45,
1John,4,9,1733,.,0,
1John,4,10,1734,10,0,
1John,4,10,1735,ἐν,65,
1John,4,10,1736,τούτῳ,129,
1John,4,10,1737,ἐστὶν,178,
1John,4,10,1738,ἡ,20,
1John,4,10,1739,ἀγάπη,146,
1John,4,10,1740,",",0,
1John,4,10,1741,οὐχ,103,
1John,4,10,1742,ὅτι,59,
1John,4,10,1743,ἡμεῖς,50,
1John,4,10,1744,ἠγαπήκαμεν,422,
1John,4,10,1745,τὸν,31,
1John,4,10,1746,θεόν,382,
1John,4,10,1747,",",0,
1John,4,10,1748,ἀλλʼ,159,
1John,4,10,1749,ὅτι,59,
1John,4,10,1750,αὐτὸς,120,
1John,4,10,1751,ἠγάπησεν,423,
1John,4,10,1752,ἡμᾶς,88,
1John,4,10,1753,καὶ,11,
1John,4,10,1754,ἀπέστειλεν,424,
1John,4,10,1755,τὸν,31,
1John,4,10,1756,υἱὸν,255,
1John,4,10,1757,αὐτοῦ,45,
1John,4,10,1758,ἱλασμὸν,425,
1John,4,10,1759,περὶ,15,
1John,4,10,1760,τῶν,122,
1John,4,10,1761,ἁμαρτιῶν,123,
1John,4,10,1762,ἡμῶν,9,
1John,4,10,1763,.,0,
1John,4,11,1764,11,0,
1John,4,11,1765,ἀγαπητοί,156,
1John,4,11,1766,",",0,
1John,4,11,1767,εἰ,235,
1John,4,11,1768,οὕτως,426,
1John,4,11,1769,ὁ,60,
1John,4,11,1770,θεὸς,61,
1John,4,11,1771,ἠγάπησεν,423,
1John,4,11,1772,ἡμᾶς,88,
1John,4,11,1773,",",0,
1John,4,11,1774,καὶ,11,
1John,4,11,1775,ἡμεῖς,50,
1John,4,11,1776,ὀφείλομεν,357,
1John,4,11,1777,ἀλλήλους,334,
1John,4,11,1778,ἀγαπᾶν,427,
1John,4,11,1779,.,0,
1John,4,12,1780,12,0,
1John,4,12,1781,θεὸν,415,
1John,4,12,1782,οὐδεὶς,428,
1John,4,12,1783,πώποτε,429,
1John,4,12,1784,τεθέαται,430,
1John,4,12,1785,·,0,
1John,4,12,1786,ἐὰν,69,
1John,4,12,1787,ἀγαπῶμεν,333,
1John,4,12,1788,ἀλλήλους,334,
1John,4,12,1789,",",0,
1John,4,12,1790,ὁ,60,
1John,4,12,1791,θεὸς,61,
1John,4,12,1792,ἐν,65,
1John,4,12,1793,ἡμῖν,33,
1John,4,12,1794,μένει,182,
1John,4,12,1795,καὶ,11,
1John,4,12,1796,ἡ,20,
1John,4,12,1797,ἀγάπη,146,
1John,4,12,1798,αὐτοῦ,45,
1John,4,12,1799,ἐν,65,
1John,4,12,1800,ἡμῖν,33,
1John,4,12,1801,τετελειωμένη,431,
1John,4,12,1802,ἐστιν,63,
1John,4,12,1803,.,0,
1John,4,13,1804,13,0,
1John,4,13,1805,Ἐν,65,
1John,4,13,1806,τούτῳ,129,
1John,4,13,1807,γινώσκομεν,130,
1John,4,13,1808,ὅτι,59,
1John,4,13,1809,ἐν,65,
1John,4,13,1810,αὐτῷ,66,
1John,4,13,1811,μένομεν,432,
1John,4,13,1812,καὶ,11,
1John,4,13,1813,αὐτὸς,120,
1John,4,13,1814,ἐν,65,
1John,4,13,1815,ἡμῖν,33,
1John,4,13,1816,",",0,
1John,4,13,1817,ὅτι,59,
1John,4,13,1818,ἐκ,216,
1John,4,13,1819,τοῦ,16,
1John,4,13,1820,πνεύματος,391,
1John,4,13,1821,αὐτοῦ,45,
1John,4,13,1822,δέδωκεν,289,
1John,4,13,1823,ἡμῖν,33,
1John,4,13,1824,.,0,
1John,4,14,1825,14,0,
1John,4,14,1826,καὶ,11,
1John,4,14,1827,ἡμεῖς,50,
1John,4,14,1828,τεθεάμεθα,433,
1John,4,14,1829,καὶ,11,
1John,4,14,1830,μαρτυροῦμεν,23,
1John,4,14,1831,ὅτι,59,
1John,4,14,1832,ὁ,60,
1John,4,14,1833,πατὴρ,290,
1John,4,14,1834,ἀπέσταλκεν,419,
1John,4,14,1835,τὸν,31,
1John,4,14,1836,υἱὸν,255,
1John,4,14,1837,σωτῆρα,434,
1John,4,14,1838,τοῦ,16,
1John,4,14,1839,κόσμου,128,
1John,4,14,1840,.,0,
1John,4,15,1841,15,0,
1John,4,15,1842,ὃς,140,
1John,4,15,1843,ἐὰν,69,
1John,4,15,1844,ὁμολογήσῃ,435,
1John,4,15,1845,ὅτι,59,
1John,4,15,1846,Ἰησοῦς,250,
1John,4,15,1847,ἐστιν,63,
1John,4,15,1848,ὁ,60,
1John,4,15,1849,υἱὸς,325,
1John,4,15,1850,τοῦ,16,
1John,4,15,1851,θεοῦ,147,
1John,4,15,1852,",",0,
1John,4,15,1853,ὁ,60,
1John,4,15,1854,θεὸς,61,
1John,4,15,1855,ἐν,65,
1John,4,15,1856,αὐτῷ,66,
1John,4,15,1857,μένει,182,
1John,4,15,1858,καὶ,11,
1John,4,15,1859,αὐτὸς,120,
1John,4,15,1860,ἐν,65,
1John,4,15,1861,τῷ,73,
1John,4,15,1862,θεῷ,436,
1John,4,15,1863,.,0,
1John,4,16,1864,16,0,
1John,4,16,1865,καὶ,11,
1John,4,16,1866,ἡμεῖς,50,
1John,4,16,1867,ἐγνώκαμεν,131,
1John,4,16,1868,καὶ,11,
1John,4,16,1869,πεπιστεύκαμεν,437,
1John,4,16,1870,τὴν,26,
1John,4,16,1871,ἀγάπην,288,
1John,4,16,1872,ἣν,57,
1John,4,16,1873,ἔχει,257,
1John,4,16,1874,ὁ,60,
1John,4,16,1875,θεὸς,61,
1John,4,16,1876,ἐν,65,
1John,4,16,1877,ἡμῖν,33,
1John,4,16,1878,.,0,
1John,4,16,1879,Ὁ,60,
1John,4,16,1880,θεὸς,61,
1John,4,16,1881,ἀγάπη,146,
1John,4,16,1882,ἐστίν,139,
1John,4,16,1883,",",0,
1John,4,16,1884,καὶ,11,
1John,4,16,1885,ὁ,60,
1John,4,16,1886,μένων,316,
1John,4,16,1887,ἐν,65,
1John,4,16,1888,τῇ,176,
1John,4,16,1889,ἀγάπῃ,438,
1John,4,16,1890,ἐν,65,
1John,4,16,1891,τῷ,73,
1John,4,16,1892,θεῷ,436,
1John,4,16,1893,μένει,182,
1John,4,16,1894,καὶ,11,
1John,4,16,1895,ὁ,60,
1John,4,16,1896,θεὸς,61,
1John,4,16,1897,ἐν,65,
1John,4,16,1898,αὐτῷ,66,
1John,4,16,1899,μένει,182,
1John,4,16,1900,.,0,
1John,4,17,1901,17,0,
1John,4,17,1902,ἐν,65,
1John,4,17,1903,τούτῳ,129,
1John,4,17,1904,τετελείωται,148,
1John,4,17,1905,ἡ,20,
1John,4,17,1906,ἀγάπη,146,
1John,4,17,1907,μεθʼ,38,
1John,4,17,1908,ἡμῶν,9,
1John,4,17,1909,",",0,
1John,4,17,1910,ἵνα,34,
1John,4,17,1911,παρρησίαν,278,
1John,4,17,1912,ἔχωμεν,439,
1John,4,17,1913,ἐν,65,
1John,4,17,1914,τῇ,176,
1John,4,17,1915,ἡμέρᾳ,440,
1John,4,17,1916,τῆς,18,
1John,4,17,1917,κρίσεως,441,
1John,4,17,1918,",",0,
1John,4,17,1919,ὅτι,59,
1John,4,17,1920,καθὼς,152,
1John,4,17,1921,ἐκεῖνός,442,
1John,4,17,1922,ἐστιν,63,
1John,4,17,1923,καὶ,11,
1John,4,17,1924,ἡμεῖς,50,
1John,4,17,1925,ἐσμεν,149,
1John,4,17,1926,ἐν,65,
1John,4,17,1927,τῷ,73,
1John,4,17,1928,κόσμῳ,208,
1John,4,17,1929,τούτῳ,129,
1John,4,17,1930,.,0,
1John,4,18,1931,18,0,
1John,4,18,1932,φόβος,443,
1John,4,18,1933,οὐκ,67,
1John,4,18,1934,ἔστιν,54,
1John,4,18,1935,ἐν,65,
1John,4,18,1936,τῇ,176,
1John,4,18,1937,ἀγάπῃ,438,
1John,4,18,1938,",",0,
1John,4,18,1939,ἀλλʼ,159,
1John,4,18,1940,ἡ,20,
1John,4,18,1941,τελεία,444,
1John,4,18,1942,ἀγάπη,146,
1John,4,18,1943,ἔξω,445,
1John,4,18,1944,βάλλει,446,
1John,4,18,1945,τὸν,31,
1John,4,18,1946,φόβον,447,
1John,4,18,1947,",",0,
1John,4,18,1948,ὅτι,59,
1John,4,18,1949,ὁ,60,
1John,4,18,1950,φόβος,443,
1John,4,18,1951,κόλασιν,448,
1John,4,18,1952,ἔχει,257,
1John,4,18,1953,",",0,
1John,4,18,1954,ὁ,60,
1John,4,18,1955,δὲ,40,
1John,4,18,1956,φοβούμενος,449,
1John,4,18,1957,οὐ,77,
1John,4,18,1958,τετελείωται,148,
1John,4,18,1959,ἐν,65,
1John,4,18,1960,τῇ,176,
1John,4,18,1961,ἀγάπῃ,438,
1John,4,18,1962,.,0,
1John,4,19,1963,19,0,
1John,4,19,1964,ἡμεῖς,50,
1John,4,19,1965,ἀγαπῶμεν,333,
1John,4,19,1966,",",0,
1John,4,19,1967,ὅτι,59,
1John,4,19,1968,αὐτὸς,120,
1John,4,19,1969,πρῶτος,450,
1John,4,19,1970,ἠγάπησεν,423,
1John,4,19,1971,ἡμᾶς,88,
1John,4,19,1972,.,0,
1John,4,20,1973,20,0,
1John,4,20,1974,ἐάν,113,
1John,4,20,1975,τις,114,
1John,4,20,1976,εἴπῃ,451,
1John,4,20,1977,ὅτι,59,
1John,4,20,1978,Ἀγαπῶ,452,
1John,4,20,1979,τὸν,31,
1John,4,20,1980,θεόν,382,
1John,4,20,1981,",",0,
1John,4,20,1982,καὶ,11,
1John,4,20,1983,τὸν,31,
1John,4,20,1984,ἀδελφὸν,174,
1John,4,20,1985,αὐτοῦ,45,
1John,4,20,1986,μισῇ,453,
1John,4,20,1987,",",0,
1John,4,20,1988,ψεύστης,138,
1John,4,20,1989,ἐστίν,139,
1John,4,20,1990,·,0,
1John,4,20,1991,ὁ,60,
1John,4,20,1992,γὰρ,236,
1John,4,20,1993,μὴ,111,
1John,4,20,1994,ἀγαπῶν,181,
1John,4,20,1995,τὸν,31,
1John,4,20,1996,ἀδελφὸν,174,
1John,4,20,1997,αὐτοῦ,45,
1John,4,20,1998,ὃν,164,
1John,4,20,1999,ἑώρακεν,319,
1John,4,20,2000,",",0,
1John,4,20,2001,τὸν,31,
1John,4,20,2002,θεὸν,415,
1John,4,20,2003,ὃν,164,
1John,4,20,2004,οὐχ,103,
1John,4,20,2005,ἑώρακεν,319,
1John,4,20,2006,οὐ,77,
1John,4,20,2007,δύναται,330,
1John,4,20,2008,ἀγαπᾶν,427,
1John,4,20,2009,.,0,
1John,4,21,2010,21,0,
1John,4,21,2011,καὶ,11,
1John,4,21,2012,ταύτην,306,
1John,4,21,2013,τὴν,26,
1John,4,21,2014,ἐντολὴν,157,
1John,4,21,2015,ἔχομεν,71,
1John,4,21,2016,ἀπʼ,3,
1John,4,21,2017,αὐτοῦ,45,
1John,4,21,2018,",",0,
1John,4,21,2019,ἵνα,34,
1John,4,21,2020,ὁ,60,
1John,4,21,2021,ἀγαπῶν,181,
1John,4,21,2022,τὸν,31,
1John,4,21,2023,θεὸν,415,
1John,4,21,2024,ἀγαπᾷ,209,
1John,4,21,2025,καὶ,11,
1John,4,21,2026,τὸν,31,
1John,4,21,2027,ἀδελφὸν,174,
1John,4,21,2028,αὐτοῦ,45,
1John,4,21,2029,.,0,
1John,5,1,2030,1,0,
1John,5,1,2031,Πᾶς,254,
1John,5,1,2032,ὁ,60,
1John,5,1,2033,πιστεύων,454,
1John,5,1,2034,ὅτι,59,
1John,5,1,2035,Ἰησοῦς,250,
1John,5,1,2036,ἐστιν,63,
1John,5,1,2037,ὁ,60,
1John,5,1,2038,χριστὸς,455,
1John,5,1,2039,ἐκ,216,
1John,5,1,2040,τοῦ,16,
1John,5,1,2041,θεοῦ,147,
1John,5,1,2042,γεγέννηται,285,
1John,5,1,2043,",",0,
1John,5,1,2044,καὶ,11,
1John,5,1,2045,πᾶς,254,
1John,5,1,2046,ὁ,60,
1John,5,1,2047,ἀγαπῶν,181,
1John,5,1,2048,τὸν,31,
1John,5,1,2049,γεννήσαντα,456,
1John,5,1,2050,ἀγαπᾷ,209,
1John,5,1,2051,καὶ,11,
1John,5,1,2052,τὸν,31,
1John,5,1,2053,γεγεννημένον,457,
1John,5,1,2054,ἐξ,232,
1John,5,1,2055,αὐτοῦ,45,
1John,5,1,2056,.,0,
1John,5,2,2057,2,0,
1John,5,2,2058,ἐν,65,
1John,5,2,2059,τούτῳ,129,
1John,5,2,2060,γινώσκομεν,130,
1John,5,2,2061,ὅτι,59,
1John,5,2,2062,ἀγαπῶμεν,333,
1John,5,2,2063,τὰ,207,
1John,5,2,2064,τέκνα,291,
1John,5,2,2065,τοῦ,16,
1John,5,2,2066,θεοῦ,147,
1John,5,2,2067,",",0,
1John,5,2,2068,ὅταν,458,
1John,5,2,2069,τὸν,31,
1John,5,2,2070,θεὸν,415,
1John,5,2,2071,ἀγαπῶμεν,333,
1John,5,2,2072,καὶ,11,
1John,5,2,2073,τὰς,97,
1John,5,2,2074,ἐντολὰς,133,
1John,5,2,2075,αὐτοῦ,45,
1John,5,2,2076,ποιῶμεν,459,
1John,5,2,2077,·,0,
1John,5,3,2078,3,0,
1John,5,3,2079,αὕτη,55,
1John,5,3,2080,γάρ,460,
1John,5,3,2081,ἐστιν,63,
1John,5,3,2082,ἡ,20,
1John,5,3,2083,ἀγάπη,146,
1John,5,3,2084,τοῦ,16,
1John,5,3,2085,θεοῦ,147,
1John,5,3,2086,ἵνα,34,
1John,5,3,2087,τὰς,97,
1John,5,3,2088,ἐντολὰς,133,
1John,5,3,2089,αὐτοῦ,45,
1John,5,3,2090,τηρῶμεν,134,
1John,5,3,2091,",",0,
1John,5,3,2092,καὶ,11,
1John,5,3,2093,αἱ,12,
1John,5,3,2094,ἐντολαὶ,461,
1John,5,3,2095,αὐτοῦ,45,
1John,5,3,2096,βαρεῖαι,462,
1John,5,3,2097,οὐκ,67,
1John,5,3,2098,εἰσίν,410,
1John,5,3,2099,",",0,
1John,5,4,2100,4,0,
1John,5,4,2101,ὅτι,59,
1John,5,4,2102,πᾶν,210,
1John,5,4,2103,τὸ,85,
1John,5,4,2104,γεγεννημένον,457,
1John,5,4,2105,ἐκ,216,
1John,5,4,2106,τοῦ,16,
1John,5,4,2107,θεοῦ,147,
1John,5,4,2108,νικᾷ,463,
1John,5,4,2109,τὸν,31,
1John,5,4,2110,κόσμον,205,
1John,5,4,2111,.,0,
1John,5,4,2112,καὶ,11,
1John,5,4,2113,αὕτη,55,
1John,5,4,2114,ἐστὶν,178,
1John,5,4,2115,ἡ,20,
1John,5,4,2116,νίκη,464,
1John,5,4,2117,ἡ,20,
1John,5,4,2118,νικήσασα,465,
1John,5,4,2119,τὸν,31,
1John,5,4,2120,κόσμον,205,
1John,5,4,2121,",",0,
1John,5,4,2122,ἡ,20,
1John,5,4,2123,πίστις,466,
1John,5,4,2124,ἡμῶν,9,
1John,5,4,2125,·,0,
1John,5,5,2126,5,0,
1John,5,5,2127,τίς,248,
1John,5,5,2128,δέ,467,
1John,5,5,2129,ἐστιν,63,
1John,5,5,2130,ὁ,60,
1John,5,5,2131,νικῶν,468,
1John,5,5,2132,τὸν,31,
1John,5,5,2133,κόσμον,205,
1John,5,5,2134,εἰ,235,
1John,5,5,2135,μὴ,111,
1John,5,5,2136,ὁ,60,
1John,5,5,2137,πιστεύων,454,
1John,5,5,2138,ὅτι,59,
1John,5,5,2139,Ἰησοῦς,250,
1John,5,5,2140,ἐστιν,63,
1John,5,5,2141,ὁ,60,
1John,5,5,2142,υἱὸς,325,
1John,5,5,2143,τοῦ,16,
1John,5,5,2144,θεοῦ;,469,
1John,5,6,2145,6,0,
1John,5,6,2146,Οὗτός,252,
1John,5,6,2147,ἐστιν,63,
1John,5,6,2148,ὁ,60,
1John,5,6,2149,ἐλθὼν,470,
1John,5,6,2150,διʼ,421,
1John,5,6,2151,ὕδατος,471,
1John,5,6,2152,καὶ,11,
1John,5,6,2153,αἵματος,472,
1John,5,6,2154,",",0,
1John,5,6,2155,Ἰησοῦς,250,
1John,5,6,2156,Χριστός,473,
1John,5,6,2157,·,0,
1John,5,6,2158,οὐκ,67,
1John,5,6,2159,ἐν,65,
1John,5,6,2160,τῷ,73,
1John,5,6,2161,ὕδατι,474,
1John,5,6,2162,μόνον,125,
1John,5,6,2163,ἀλλʼ,159,
1John,5,6,2164,ἐν,65,
1John,5,6,2165,τῷ,73,
1John,5,6,2166,ὕδατι,474,
1John,5,6,2167,καὶ,11,
1John,5,6,2168,ἐν,65,
1John,5,6,2169,τῷ,73,
1John,5,6,2170,αἵματι,475,
1John,5,6,2171,·,0,
1John,5,6,2172,καὶ,11,
1John,5,6,2173,τὸ,85,
1John,5,6,2174,πνεῦμά,476,
1John,5,6,2175,ἐστιν,63,
1John,5,6,2176,τὸ,85,
1John,5,6,2177,μαρτυροῦν,477,
1John,5,6,2178,",",0,
1John,5,6,2179,ὅτι,59,
1John,5,6,2180,τὸ,85,
1John,5,6,2181,πνεῦμά,476,
1John,5,6,2182,ἐστιν,63,
1John,5,6,2183,ἡ,20,
1John,5,6,2184,ἀλήθεια,95,
1John,5,6,2185,.,0,
1John,5,7,2186,7,0,
1John,5,7,2187,ὅτι,59,
1John,5,7,2188,τρεῖς,478,
1John,5,7,2189,εἰσιν,479,
1John,5,7,2190,οἱ,480,
1John,5,7,2191,μαρτυροῦντες,481,
1John,5,7,2192,",",0,
1John,5,8,2193,8,0,
1John,5,8,2194,τὸ,85,
1John,5,8,2195,πνεῦμα,400,
1John,5,8,2196,καὶ,11,
1John,5,8,2197,τὸ,85,
1John,5,8,2198,ὕδωρ,482,
1John,5,8,2199,καὶ,11,
1John,5,8,2200,τὸ,85,
1John,5,8,2201,αἷμα,86,
1John,5,8,2202,",",0,
1John,5,8,2203,καὶ,11,
1John,5,8,2204,οἱ,480,
1John,5,8,2205,τρεῖς,478,
1John,5,8,2206,εἰς,221,
1John,5,8,2207,τὸ,85,
1John,5,8,2208,ἕν,483,
1John,5,8,2209,εἰσιν,479,
1John,5,8,2210,.,0,
1John,5,9,2211,9,0,
1John,5,9,2212,εἰ,235,
1John,5,9,2213,τὴν,26,
1John,5,9,2214,μαρτυρίαν,484,
1John,5,9,2215,τῶν,122,
1John,5,9,2216,ἀνθρώπων,485,
1John,5,9,2217,λαμβάνομεν,384,
1John,5,9,2218,",",0,
1John,5,9,2219,ἡ,20,
1John,5,9,2220,μαρτυρία,486,
1John,5,9,2221,τοῦ,16,
1John,5,9,2222,θεοῦ,147,
1John,5,9,2223,μείζων,379,
1John,5,9,2224,ἐστίν,139,
1John,5,9,2225,",",0,
1John,5,9,2226,ὅτι,59,
1John,5,9,2227,αὕτη,55,
1John,5,9,2228,ἐστὶν,178,
1John,5,9,2229,ἡ,20,
1John,5,9,2230,μαρτυρία,486,
1John,5,9,2231,τοῦ,16,
1John,5,9,2232,θεοῦ,147,
1John,5,9,2233,ὅτι,59,
1John,5,9,2234,μεμαρτύρηκεν,487,
1John,5,9,2235,περὶ,15,
1John,5,9,2236,τοῦ,16,
1John,5,9,2237,υἱοῦ,44,
1John,5,9,2238,αὐτοῦ,45,
1John,5,9,2239,.,0,
1John,5,10,2240,10,0,
1John,5,10,2241,ὁ,60,
1John,5,10,2242,πιστεύων,454,
1John,5,10,2243,εἰς,221,
1John,5,10,2244,τὸν,31,
1John,5,10,2245,υἱὸν,255,
1John,5,10,2246,τοῦ,16,
1John,5,10,2247,θεοῦ,147,
1John,5,10,2248,ἔχει,257,
1John,5,10,2249,τὴν,26,
1John,5,10,2250,μαρτυρίαν,484,
1John,5,10,2251,ἐν,65,
1John,5,10,2252,αὑτῷ,488,
1John,5,10,2253,·,0,
1John,5,10,2254,ὁ,60,
1John,5,10,2255,μὴ,111,
1John,5,10,2256,πιστεύων,454,
1John,5,10,2257,τῷ,73,
1John,5,10,2258,θεῷ,436,
1John,5,10,2259,ψεύστην,105,
1John,5,10,2260,πεποίηκεν,489,
1John,5,10,2261,αὐτόν,132,
1John,5,10,2262,",",0,
1John,5,10,2263,ὅτι,59,
1John,5,10,2264,οὐ,77,
1John,5,10,2265,πεπίστευκεν,490,
1John,5,10,2266,εἰς,221,
1John,5,10,2267,τὴν,26,
1John,5,10,2268,μαρτυρίαν,484,
1John,5,10,2269,ἣν,57,
1John,5,10,2270,μεμαρτύρηκεν,487,
1John,5,10,2271,ὁ,60,
1John,5,10,2272,θεὸς,61,
1John,5,10,2273,περὶ,15,
1John,5,10,2274,τοῦ,16,
1John,5,10,2275,υἱοῦ,44,
1John,5,10,2276,αὐτοῦ,45,
1John,5,10,2277,.,0,
1John,5,11,2278,11,0,
1John,5,11,2279,καὶ,11,
1John,5,11,2280,αὕτη,55,
1John,5,11,2281,ἐστὶν,178,
1John,5,11,2282,ἡ,20,
1John,5,11,2283,μαρτυρία,486,
1John,5,11,2284,",",0,
1John,5,11,2285,ὅτι,59,
1John,5,11,2286,ζωὴν,27,
1John,5,11,2287,αἰώνιον,28,
1John,5,11,2288,ἔδωκεν,390,
1John,5,11,2289,ὁ,60,
1John,5,11,2290,θεὸς,61,
1John,5,11,2291,ἡμῖν,33,
1John,5,11,2292,",",0,
1John,5,11,2293,καὶ,11,
1John,5,11,2294,αὕτη,55,
1John,5,11,2295,ἡ,20,
1John,5,11,2296,ζωὴ,21,
1John,5,11,2297,ἐν,65,
1John,5,11,2298,τῷ,73,
1John,5,11,2299,υἱῷ,261,
1John,5,11,2300,αὐτοῦ,45,
1John,5,11,2301,ἐστιν,63,
1John,5,11,2302,.,0,
1John,5,12,2303,12,0,
1John,5,12,2304,ὁ,60,
1John,5,12,2305,ἔχων,304,
1John,5,12,2306,τὸν,31,
1John,5,12,2307,υἱὸν,255,
1John,5,12,2308,ἔχει,257,
1John,5,12,2309,τὴν,26,
1John,5,12,2310,ζωήν,349,
1John,5,12,2311,·,0,
1John,5,12,2312,ὁ,60,
1John,5,12,2313,μὴ,111,
1John,5,12,2314,ἔχων,304,
1John,5,12,2315,τὸν,31,
1John,5,12,2316,υἱὸν,255,
1John,5,12,2317,τοῦ,16,
1John,5,12,2318,θεοῦ,147,
1John,5,12,2319,τὴν,26,
1John,5,12,2320,ζωὴν,27,
1John,5,12,2321,οὐκ,67,
1John,5,12,2322,ἔχει,257,
1John,5,12,2323,.,0,
1John,5,13,2324,13,0,
1John,5,13,2325,Ταῦτα,48,
1John,5,13,2326,ἔγραψα,200,
1John,5,13,2327,ὑμῖν,25,
1John,5,13,2328,ἵνα,34,
1John,5,13,2329,εἰδῆτε,281,
1John,5,13,2330,ὅτι,59,
1John,5,13,2331,ζωὴν,27,
1John,5,13,2332,ἔχετε,242,
1John,5,13,2333,αἰώνιον,28,
1John,5,13,2334,",",0,
1John,5,13,2335,τοῖς,7,
1John,5,13,2336,πιστεύουσιν,491,
1John,5,13,2337,εἰς,221,
1John,5,13,2338,τὸ,85,
1John,5,13,2339,ὄνομα,194,
1John,5,13,2340,τοῦ,16,
1John,5,13,2341,υἱοῦ,44,
1John,5,13,2342,τοῦ,16,
1John,5,13,2343,θεοῦ,147,
1John,5,13,2344,.,0,
1John,5,14,2345,14,0,
1John,5,14,2346,καὶ,11,
1John,5,14,2347,αὕτη,55,
1John,5,14,2348,ἐστὶν,178,
1John,5,14,2349,ἡ,20,
1John,5,14,2350,παρρησία,492,
1John,5,14,2351,ἣν,57,
1John,5,14,2352,ἔχομεν,71,
1John,5,14,2353,πρὸς,30,
1John,5,14,2354,αὐτόν,132,
1John,5,14,2355,",",0,
1John,5,14,2356,ὅτι,59,
1John,5,14,2357,ἐάν,113,
1John,5,14,2358,τι,493,
1John,5,14,2359,αἰτώμεθα,494,
1John,5,14,2360,κατὰ,495,
1John,5,14,2361,τὸ,85,
1John,5,14,2362,θέλημα,220,
1John,5,14,2363,αὐτοῦ,45,
1John,5,14,2364,ἀκούει,413,
1John,5,14,2365,ἡμῶν,9,
1John,5,14,2366,.,0,
1John,5,15,2367,15,0,
1John,5,15,2368,καὶ,11,
1John,5,15,2369,ἐὰν,69,
1John,5,15,2370,οἴδαμεν,300,
1John,5,15,2371,ὅτι,59,
1John,5,15,2372,ἀκούει,413,
1John,5,15,2373,ἡμῶν,9,
1John,5,15,2374,ὃ,1,
1John,5,15,2375,ἐὰν,69,
1John,5,15,2376,αἰτώμεθα,494,
1John,5,15,2377,",",0,
1John,5,15,2378,οἴδαμεν,300,
1John,5,15,2379,ὅτι,59,
1John,5,15,2380,ἔχομεν,71,
1John,5,15,2381,τὰ,207,
1John,5,15,2382,αἰτήματα,496,
1John,5,15,2383,ἃ,497,
1John,5,15,2384,ᾐτήκαμεν,498,
1John,5,15,2385,ἀπʼ,3,
1John,5,15,2386,αὐτοῦ,45,
1John,5,15,2387,.,0,
1John,5,16,2388,16,0,
1John,5,16,2389,ἐάν,113,
1John,5,16,2390,τις,114,
1John,5,16,2391,ἴδῃ,499,
1John,5,16,2392,τὸν,31,
1John,5,16,2393,ἀδελφὸν,174,
1John,5,16,2394,αὐτοῦ,45,
1John,5,16,2395,ἁμαρτάνοντα,500,
1John,5,16,2396,ἁμαρτίαν,92,
1John,5,16,2397,μὴ,111,
1John,5,16,2398,πρὸς,30,
1John,5,16,2399,θάνατον,501,
1John,5,16,2400,",",0,
1John,5,16,2401,αἰτήσει,502,
1John,5,16,2402,",",0,
1John,5,16,2403,καὶ,11,
1John,5,16,2404,δώσει,503,
1John,5,16,2405,αὐτῷ,66,
1John,5,16,2406,ζωήν,349,
1John,5,16,2407,",",0,
1John,5,16,2408,τοῖς,7,
1John,5,16,2409,ἁμαρτάνουσιν,504,
1John,5,16,2410,μὴ,111,
1John,5,16,2411,πρὸς,30,
1John,5,16,2412,θάνατον,501,
1John,5,16,2413,.,0,
1John,5,16,2414,ἔστιν,54,
1John,5,16,2415,ἁμαρτία,313,
1John,5,16,2416,πρὸς,30,
1John,5,16,2417,θάνατον,501,
1John,5,16,2418,·,0,
1John,5,16,2419,οὐ,77,
1John,5,16,2420,περὶ,15,
1John,5,16,2421,ἐκείνης,505,
1John,5,16,2422,λέγω,506,
1John,5,16,2423,ἵνα,34,
1John,5,16,2424,ἐρωτήσῃ,507,
1John,5,16,2425,.,0,
1John,5,17,2426,17,0,
1John,5,17,2427,πᾶσα,508,
1John,5,17,2428,ἀδικία,509,
1John,5,17,2429,ἁμαρτία,313,
1John,5,17,2430,ἐστίν,139,
1John,5,17,2431,",",0,
1John,5,17,2432,καὶ,11,
1John,5,17,2433,ἔστιν,54,
1John,5,17,2434,ἁμαρτία,313,
1John,5,17,2435,οὐ,77,
1John,5,17,2436,πρὸς,30,
1John,5,17,2437,θάνατον,501,
1John,5,17,2438,.,0,
1John,5,18,2439,18,0,
1John,5,18,2440,Οἴδαμεν,300,
1John,5,18,2441,ὅτι,59,
1John,5,18,2442,πᾶς,254,
1John,5,18,2443,ὁ,60,
1John,5,18,2444,γεγεννημένος,328,
1John,5,18,2445,ἐκ,216,
1John,5,18,2446,τοῦ,16,
1John,5,18,2447,θεοῦ,147,
1John,5,18,2448,οὐχ,103,
1John,5,18,2449,ἁμαρτάνει,317,
1John,5,18,2450,",",0,
1John,5,18,2451,ἀλλʼ,159,
1John,5,18,2452,ὁ,60,
1John,5,18,2453,γεννηθεὶς,510,
1John,5,18,2454,ἐκ,216,
1John,5,18,2455,τοῦ,16,
1John,5,18,2456,θεοῦ,147,
1John,5,18,2457,τηρεῖ,511,
1John,5,18,2458,αὐτόν,132,
1John,5,18,2459,",",0,
1John,5,18,2460,καὶ,11,
1John,5,18,2461,ὁ,60,
1John,5,18,2462,πονηρὸς,512,
1John,5,18,2463,οὐχ,103,
1John,5,18,2464,ἅπτεται,513,
1John,5,18,2465,αὐτοῦ,45,
1John,5,18,2466,.,0,
1John,5,19,2467,19,0,
1John,5,19,2468,οἴδαμεν,300,
1John,5,19,2469,ὅτι,59,
1John,5,19,2470,ἐκ,216,
1John,5,19,2471,τοῦ,16,
1John,5,19,2472,θεοῦ,147,
1John,5,19,2473,ἐσμεν,149,
1John,5,19,2474,",",0,
1John,5,19,2475,καὶ,11,
1John,5,19,2476,ὁ,60,
1John,5,19,2477,κόσμος,218,
1John,5,19,2478,ὅλος,514,
1John,5,19,2479,ἐν,65,
1John,5,19,2480,τῷ,73,
1John,5,19,2481,πονηρῷ,515,
1John,5,19,2482,κεῖται,516,
1John,5,19,2483,.,0,
1John,5,20,2484,20,0,
1John,5,20,2485,οἴδαμεν,300,
1John,5,20,2486,δὲ,40,
1John,5,20,2487,ὅτι,59,
1John,5,20,2488,ὁ,60,
1John,5,20,2489,υἱὸς,325,
1John,5,20,2490,τοῦ,16,
1John,5,20,2491,θεοῦ,147,
1John,5,20,2492,ἥκει,517,
1John,5,20,2493,",",0,
1John,5,20,2494,καὶ,11,
1John,5,20,2495,δέδωκεν,289,
1John,5,20,2496,ἡμῖν,33,
1John,5,20,2497,διάνοιαν,518,
1John,5,20,2498,ἵνα,34,
1John,5,20,2499,γινώσκωμεν,519,
1John,5,20,2500,τὸν,31,
1John,5,20,2501,ἀληθινόν,520,
1John,5,20,2502,·,0,
1John,5,20,2503,καὶ,11,
1John,5,20,2504,ἐσμὲν,521,
1John,5,20,2505,ἐν,65,
1John,5,20,2506,τῷ,73,
1John,5,20,2507,ἀληθινῷ,522,
1John,5,20,2508,",",0,
1John,5,20,2509,ἐν,65,
1John,5,20,2510,τῷ,73,
1John,5,20,2511,υἱῷ,261,
1John,5,20,2512,αὐτοῦ,45,
1John,5,20,2513,Ἰησοῦ,46,
1John,5,20,2514,Χριστῷ,523,
1John,5,20,2515,.,0,
1John,5,20,2516,οὗτός,252,
1John,5,20,2517,ἐστιν,63,
1John,5,20,2518,ὁ,60,
1John,5,20,2519,ἀληθινὸς,524,
1John,5,20,2520,θεὸς,61,
1John,5,20,2521,καὶ,11,
1John,5,20,2522,ζωὴ,21,
1John,5,20,2523,αἰώνιος,525,
1John,5,20,2524,.,0,
1John,5,21,2525,21,0,
1John,5,21,2526,Τεκνία,108,
1John,5,21,2527,",",0,
1John,5,21,2528,φυλάξατε,526,
1John,5,21,2529,ἑαυτὰ,527,
1John,5,21,2530,ἀπὸ,89,
1John,5,21,2531,τῶν,122,
1John,5,21,2532,εἰδώλων,528,
1John,5,21,2533,.,0,