Greek New Testament — Seed Data Processing Tracker,,,,,,,,,
#,Book,Book#,Chapter,Verses,Verse Range,Batch #,Status,Date Done,Notes
📖  Matthew  (Book #40),,,,,,,,,
1,Matthew,40,Chapter 1,8,1–8,Batch 1,✅ Complete,2026-03-02,Generated 1JohnChapter1_v1-8.cs
2,Matthew,40,Chapter 1,8,9–16,Batch 2,✅ Complete,2026-03-02,Generated 1JohnChapter1_v9-10.cs
3,Matthew,40,Chapter 1,8,17–24,Batch 3,✅ Complete,2026-03-02,Generated 1JohnChapter2_v1-8.cs
4,Matthew,40,Chapter 1,1,25–25,Batch 4,✅ Complete,2026-03-03,Generated 1JohnChapter2_v9-12.cs
5,Matthew,40,Chapter 2,8,1–8,Batch 5,✅ Complete,2026-03-03,Generated 1JohnChapter2_v13-16.cs
6,Matthew,40,Chapter 2,8,9–16,Batch 6,✅ Complete,2026-03-03,Generated 1JohnChapter2_v17-20.cs
7,Matthew,40,Chapter 2,7,17–23,Batch 7,✅ Complete,2026-03-03,Generated 1JohnChapter2_v21-24.cs
8,Matthew,40,Chapter 3,8,1–8,Batch 8,✅ Complete,2026-03-02,Generated 1JohnChapter2_v25-29.cs
9,Matthew,40,Chapter 3,8,9–16,Batch 9,✅ Complete,2026-03-02,Generated 1JohnChapter3_v1-8.cs
10,Matthew,40,Chapter 3,1,17–17,Batch 10,✅ Complete,2026-03-02,Generated 1JohnChapter3_v9-16.cs
11,Matthew,40,Chapter 4,8,1–8,Batch 11,✅ Complete,2026-03-03,Generated 1JohnChapter3_v17-24.cs
12,Matthew,40,Chapter 4,8,9–16,Batch 12,✅ Complete,2026-03-02,Generated 1JohnChapter4_v1-8.cs
13,Matthew,40,Chapter 4,8,17–24,Batch 13,✅ Complete,2026-03-03,Generated 1JohnChapter4_v9-16.cs
14,Matthew,40,Chapter 4,1,25–25,Batch 14,✅ Complete,2026-03-02,Generated 1JohnChapter4_v17-21.cs
15,Matthew,40,Chapter 5,8,1–8,Batch 15,✅ Complete,2026-03-02,Generated 1JohnChapter5_v1-8.cs
16,Matthew,40,Chapter 5,8,9–16,Batch 16,✅ Complete,2026-03-03,Generated 1JohnChapter5_v9-16.cs
17,Matthew,40,Chapter 5,8,17–24,Batch 17,✅ Complete,2026-03-03,Generated 1JohnChapter5_v17-21.cs
18,Matthew,40,Chapter 5,8,25–32,Batch 18,✅ Complete,2026-02-25,Generated MatthewChapter5_v25-32.cs
19,Matthew,40,Chapter 5,8,33–40,Batch 19,✅ Complete,2026-03-03,Generated 2JohnChapter1_v1-8.cs
20,Matthew,40,Chapter 5,8,41–48,Batch 20,✅ Complete,2026-03-03,Generated 2JohnChapter1_v9-13.cs
21,Matthew,40,Chapter 6,8,1–8,Batch 21,✅ Complete,2026-02-25,Generated MatthewChapter6_v1-8.cs
22,Matthew,40,Chapter 6,8,9–16,Batch 22,✅ Complete,2026-03-02,Generated 3JohnChapter1_v1-8.cs
23,Matthew,40,Chapter 6,8,17–24,Batch 23,✅ Complete,2026-03-03,Generated 3JohnChapter1_v9-14.cs
24,Matthew,40,Chapter 6,8,25–32,Batch 24,✅ Complete,2026-02-25,Generated MatthewChapter6_v25-32.cs
25,Matthew,40,Chapter 6,2,33–34,Batch 25,✅ Complete,2026-03-02,Generated JudeChapter1_v1-8.cs
26,Matthew,40,Chapter 7,8,1–8,Batch 26,✅ Complete,2026-03-02,Generated JudeChapter1_v9-16.cs
27,Matthew,40,Chapter 7,8,9–16,Batch 27,✅ Complete,2026-03-03,Generated JudeChapter1_v17-24.cs
28,Matthew,40,Chapter 7,8,17–24,Batch 28,✅ Complete,2026-03-02,Generated JudeChapter1_v25-25.cs
29,Matthew,40,Chapter 7,5,25–29,Batch 29,✅ Complete,2026-02-25,Generated MatthewChapter7_v25-29.cs
30,Matthew,40,Chapter 8,8,1–8,Batch 30,✅ Complete,2026-03-03,Generated RevelationChapter1_v1-8.cs
31,Matthew,40,Chapter 8,8,9–16,Batch 31,✅ Complete,2026-03-02,Generated RevelationChapter1_v9-16.cs
32,Matthew,40,Chapter 8,8,17–24,Batch 32,✅ Complete,2026-03-02,Generated RevelationChapter1_v17-20.cs
33,Matthew,40,Chapter 8,8,25–32,Batch 33,✅ Complete,2026-03-02,Generated RevelationChapter2_v1-8.cs
34,Matthew,40,Chapter 8,2,33–34,Batch 34,✅ Complete,2026-03-02,Generated RevelationChapter2_v9-16.cs
35,Matthew,40,Chapter 9,8,1–8,Batch 35,✅ Complete,2026-03-02,Generated RevelationChapter2_v17-24.cs
36,Matthew,40,Chapter 9,8,9–16,Batch 36,✅ Complete,2026-03-02,Generated RevelationChapter2_v25-29.cs
37,Matthew,40,Chapter 9,8,17–24,Batch 37,✅ Complete,2026-03-02,Generated RevelationChapter3_v1-8.cs
38,Matthew,40,Chapter 9,8,25–32,Batch 38,✅ Complete,2026-03-02,Generated RevelationChapter3_v9-16.cs
39,Matthew,40,Chapter 9,6,33–38,Batch 39,✅ Complete,2026-03-02,Generated RevelationChapter3_v17-22.cs
40,Matthew,40,Chapter 10,8,1–8,Batch 40,✅ Complete,2026-03-02,Generated RevelationChapter4_v1-8.cs
41,Matthew,40,Chapter 10,8,9–16,Batch 41,✅ Complete,2026-03-02,Generated RevelationChapter4_v9-11.cs
42,Matthew,40,Chapter 10,8,17–24,Batch 42,✅ Complete,2026-03-03,Generated RevelationChapter5_v1-8.cs
43,Matthew,40,Chapter 10,8,25–32,Batch 43,✅ Complete,2026-03-02,Generated RevelationChapter5_v9-14.cs
44,Matthew,40,Chapter 10,8,33–40,Batch 44,✅ Complete,2026-03-02,Generated RevelationChapter6_v1-8.cs
45,Matthew,40,Chapter 10,2,41–42,Batch 45,✅ Complete,2026-03-02,Generated RevelationChapter6_v9-16.cs
46,Matthew,40,Chapter 11,8,1–8,Batch 46,✅ Complete,2026-03-02,Generated RevelationChapter6_v17-17.cs
47,Matthew,40,Chapter 11,8,9–16,Batch 47,✅ Complete,2026-03-03,Generated RevelationChapter7_v1-8.cs
48,Matthew,40,Chapter 11,8,17–24,Batch 48,✅ Complete,2026-03-03,Generated RevelationChapter7_v9-16.cs
49,Matthew,40,Chapter 11,6,25–30,Batch 49,✅ Complete,2026-03-02,Generated RevelationChapter7_v17-17.cs
50,Matthew,40,Chapter 12,8,1–8,Batch 50,✅ Complete,2026-03-02,Generated RevelationChapter8_v1-8.cs
51,Matthew,40,Chapter 12,8,9–16,Batch 51,✅ Complete,2026-03-02,Generated RevelationChapter8_v9-13.cs
52,Matthew,40,Chapter 12,8,17–24,Batch 52,✅ Complete,2026-03-03,Generated RevelationChapter9_v1-8.cs
53,Matthew,40,Chapter 12,8,25–32,Batch 53,✅ Complete,2026-03-03,Generated RevelationChapter9_v9-16.cs
54,Matthew,40,Chapter 12,8,33–40,Batch 54,✅ Complete,2026-03-02,Generated RevelationChapter9_v17-21.cs
55,Matthew,40,Chapter 12,8,41–48,Batch 55,✅ Complete,2026-03-03,Generated RevelationChapter10_v1-8.cs
56,Matthew,40,Chapter 12,2,49–50,Batch 56,✅ Complete,2026-03-02,Generated RevelationChapter10_v9-11.cs
57,Matthew,40,Chapter 13,8,1–8,Batch 57,✅ Complete,2026-03-02,Generated RevelationChapter11_v1-8.cs
58,Matthew,40,Chapter 13,8,9–16,Batch 58,✅ Complete,2026-03-02,Generated RevelationChapter11_v9-16.cs
59,Matthew,40,Chapter 13,8,17–24,Batch 59,✅ Complete,2026-03-02,Generated RevelationChapter11_v17-19.cs
60,Matthew,40,Chapter 13,8,25–32,Batch 60,✅ Complete,2026-03-02,Generated RevelationChapter12_v1-8.cs
61,Matthew,40,Chapter 13,8,33–40,Batch 61,✅ Complete,2026-03-02,Generated RevelationChapter12_v9-16.cs
62,Matthew,40,Chapter 13,8,41–48,Batch 62,✅ Complete,2026-03-02,Generated RevelationChapter12_v17-17.cs
63,Matthew,40,Chapter 13,8,49–56,Batch 63,✅ Complete,2026-03-02,Generated RevelationChapter13_v1-8.cs
64,Matthew,40,Chapter 13,2,57–58,Batch 64,✅ Complete,2026-03-03,Generated RevelationChapter13_v9-16.cs
65,Matthew,40,Chapter 14,8,1–8,Batch 65,✅ Complete,2026-03-03,Generated RevelationChapter13_v17-18.cs
66,Matthew,40,Chapter 14,8,9–16,Batch 66,✅ Complete,2026-03-02,Generated RevelationChapter14_v1-8.cs
67,Matthew,40,Chapter 14,8,17–24,Batch 67,✅ Complete,2026-03-03,Generated RevelationChapter14_v9-16.cs
68,Matthew,40,Chapter 14,8,25–32,Batch 68,✅ Complete,2026-03-03,Generated RevelationChapter14_v17-20.cs
69,Matthew,40,Chapter 14,4,33–36,Batch 69,✅ Complete,2026-03-02,Generated RevelationChapter15_v1-8.cs
70,Matthew,40,Chapter 15,8,1–8,Batch 70,✅ Complete,2026-03-02,Generated RevelationChapter16_v1-8.cs
71,Matthew,40,Chapter 15,8,9–16,Batch 71,✅ Complete,2026-03-02,Generated RevelationChapter16_v9-16.cs
72,Matthew,40,Chapter 15,8,17–24,Batch 72,✅ Complete,2026-03-02,Generated RevelationChapter16_v17-21.cs
73,Matthew,40,Chapter 15,8,25–32,Batch 73,✅ Complete,2026-03-03,Generated RevelationChapter17_v1-8.cs
74,Matthew,40,Chapter 15,7,33–39,Batch 74,✅ Complete,2026-03-02,Generated RevelationChapter17_v9-16.cs
75,Matthew,40,Chapter 16,8,1–8,Batch 75,✅ Complete,2026-03-02,Generated RevelationChapter17_v17-18.cs
76,Matthew,40,Chapter 16,8,9–16,Batch 76,✅ Complete,2026-03-02,Generated RevelationChapter18_v1-8.cs
77,Matthew,40,Chapter 16,8,17–24,Batch 77,✅ Complete,2026-03-02,Generated RevelationChapter18_v9-16.cs
78,Matthew,40,Chapter 16,4,25–28,Batch 78,✅ Complete,2026-03-02,Generated RevelationChapter18_v17-24.cs
79,Matthew,40,Chapter 17,8,1–8,Batch 79,✅ Complete,2026-03-02,Generated RevelationChapter19_v1-8.cs
80,Matthew,40,Chapter 17,8,9–16,Batch 80,✅ Complete,2026-03-02,Generated RevelationChapter19_v9-16.cs
81,Matthew,40,Chapter 17,8,17–24,Batch 81,✅ Complete,2026-03-02,Generated RevelationChapter19_v17-21.cs
82,Matthew,40,Chapter 17,3,25–27,Batch 82,✅ Complete,2026-03-03,Generated RevelationChapter20_v1-8.cs
83,Matthew,40,Chapter 18,8,1–8,Batch 83,✅ Complete,2026-03-03,Generated RevelationChapter20_v9-15.cs
84,Matthew,40,Chapter 18,8,9–16,Batch 84,✅ Complete,2026-03-03,Generated RevelationChapter21_v1-8.cs
85,Matthew,40,Chapter 18,8,17–24,Batch 85,✅ Complete,2026-03-03,Generated RevelationChapter21_v9-16.cs
86,Matthew,40,Chapter 18,8,25–32,Batch 86,✅ Complete,2026-03-03,Generated RevelationChapter21_v17-24.cs
87,Matthew,40,Chapter 18,3,33–35,Batch 87,✅ Complete,2026-03-03,Generated RevelationChapter21_v25-27.cs
88,Matthew,40,Chapter 19,8,1–8,Batch 88,✅ Complete,2026-03-03,Generated RevelationChapter22_v1-8.cs
89,Matthew,40,Chapter 19,8,9–16,Batch 89,✅ Complete,2026-03-03,Generated RevelationChapter22_v9-16.cs
90,Matthew,40,Chapter 19,8,17–24,Batch 90,✅ Complete,2026-03-03,Generated RevelationChapter22_v17-21.cs
91,Matthew,40,Chapter 19,6,25–30,Batch 91,✅ Complete,2026-02-26,Generated MatthewChapter19_v25-30.cs
92,Matthew,40,Chapter 20,8,1–8,Batch 92,✅ Complete,2026-02-25,Generated MatthewChapter1_v1-8.cs
93,Matthew,40,Chapter 20,8,9–16,Batch 93,✅ Complete,2026-02-25,Generated MatthewChapter1_v9-16.cs
94,Matthew,40,Chapter 20,8,17–24,Batch 94,✅ Complete,2026-02-25,Generated MatthewChapter1_v17-24.cs
95,Matthew,40,Chapter 20,8,25–32,Batch 95,✅ Complete,2026-02-27,Generated MatthewChapter1_v25-25.cs
96,Matthew,40,Chapter 20,2,33–34,Batch 96,✅ Complete,2026-02-25,Generated MatthewChapter2_v1-8.cs
97,Matthew,40,Chapter 21,8,1–8,Batch 97,✅ Complete,2026-02-25,Generated MatthewChapter2_v9-16.cs
98,Matthew,40,Chapter 21,8,9–16,Batch 98,✅ Complete,2026-02-25,Generated MatthewChapter2_v17-23.cs
99,Matthew,40,Chapter 21,8,17–24,Batch 99,✅ Complete,2026-02-25,Generated MatthewChapter3_v1-8.cs
100,Matthew,40,Chapter 21,8,25–32,Batch 100,✅ Complete,2026-02-25,Generated MatthewChapter3_v9-16.cs
101,Matthew,40,Chapter 21,8,33–40,Batch 101,✅ Complete,2026-02-27,Generated MatthewChapter3_v17-17.cs
102,Matthew,40,Chapter 21,6,41–46,Batch 102,✅ Complete,2026-02-25,Generated MatthewChapter4_v1-8.cs
103,Matthew,40,Chapter 22,8,1–8,Batch 103,✅ Complete,2026-02-25,Generated MatthewChapter4_v9-16.cs
104,Matthew,40,Chapter 22,8,9–16,Batch 104,✅ Complete,2026-02-25,Generated MatthewChapter4_v17-24.cs
105,Matthew,40,Chapter 22,8,17–24,Batch 105,✅ Complete,2026-02-25,Generated MatthewChapter4_v25-25.cs
106,Matthew,40,Chapter 22,8,25–32,Batch 106,✅ Complete,2026-02-27,Generated MatthewChapter5_v1-8.cs
107,Matthew,40,Chapter 22,8,33–40,Batch 107,✅ Complete,2026-02-25,Generated MatthewChapter5_v9-16.cs
108,Matthew,40,Chapter 22,6,41–46,Batch 108,✅ Complete,2026-02-25,Generated MatthewChapter5_v17-24.cs
109,Matthew,40,Chapter 23,8,1–8,Batch 109,✅ Complete,2026-02-25,Generated MatthewChapter5_v25-32.cs
110,Matthew,40,Chapter 23,8,9–16,Batch 110,✅ Complete,2026-02-25,Generated MatthewChapter5_v33-40.cs
111,Matthew,40,Chapter 23,8,17–24,Batch 111,✅ Complete,2026-02-25,Generated MatthewChapter5_v41-48.cs
112,Matthew,40,Chapter 23,8,25–32,Batch 112,✅ Complete,2026-02-25,Generated MatthewChapter6_v1-8.cs
113,Matthew,40,Chapter 23,7,33–39,Batch 113,✅ Complete,2026-02-27,Generated MatthewChapter6_v9-16.cs
114,Matthew,40,Chapter 24,8,1–8,Batch 114,✅ Complete,2026-02-25,Generated MatthewChapter6_v17-24.cs
115,Matthew,40,Chapter 24,8,9–16,Batch 115,✅ Complete,2026-02-25,Generated MatthewChapter6_v25-32.cs
116,Matthew,40,Chapter 24,8,17–24,Batch 116,✅ Complete,2026-02-25,Generated MatthewChapter6_v33-34.cs
117,Matthew,40,Chapter 24,8,25–32,Batch 117,✅ Complete,2026-02-25,Generated MatthewChapter7_v1-8.cs
118,Matthew,40,Chapter 24,8,33–40,Batch 118,✅ Complete,2026-02-25,Generated MatthewChapter7_v9-16.cs
119,Matthew,40,Chapter 24,8,41–48,Batch 119,✅ Complete,2026-02-25,Generated MatthewChapter7_v17-24.cs
120,Matthew,40,Chapter 24,3,49–51,Batch 120,✅ Complete,2026-02-25,Generated MatthewChapter7_v25-29.cs
121,Matthew,40,Chapter 25,8,1–8,Batch 121,✅ Complete,2026-02-25,Generated MatthewChapter8_v1-8.cs
122,Matthew,40,Chapter 25,8,9–16,Batch 122,✅ Complete,2026-02-25,Generated MatthewChapter8_v9-16.cs
123,Matthew,40,Chapter 25,8,17–24,Batch 123,✅ Complete,2026-02-25,Generated MatthewChapter8_v17-24.cs
124,Matthew,40,Chapter 25,8,25–32,Batch 124,✅ Complete,2026-02-25,Generated MatthewChapter8_v25-32.cs
125,Matthew,40,Chapter 25,8,33–40,Batch 125,✅ Complete,2026-02-25,Generated MatthewChapter8_v33-34.cs
126,Matthew,40,Chapter 25,6,41–46,Batch 126,✅ Complete,2026-02-25,Generated MatthewChapter9_v1-8.cs
127,Matthew,40,Chapter 26,8,1–8,Batch 127,✅ Complete,2026-02-27,Generated MatthewChapter9_v9-16.cs
128,Matthew,40,Chapter 26,8,9–16,Batch 128,✅ Complete,2026-02-25,Generated MatthewChapter9_v17-24.cs
129,Matthew,40,Chapter 26,8,17–24,Batch 129,✅ Complete,2026-02-27,Generated MatthewChapter9_v25-32.cs
130,Matthew,40,Chapter 26,8,25–32,Batch 130,✅ Complete,2026-02-25,Generated MatthewChapter9_v33-38.cs
131,Matthew,40,Chapter 26,8,33–40,Batch 131,✅ Complete,2026-02-25,Generated MatthewChapter10_v1-8.cs
132,Matthew,40,Chapter 26,8,41–48,Batch 132,✅ Complete,2026-02-27,Generated MatthewChapter10_v9-16.cs
133,Matthew,40,Chapter 26,8,49–56,Batch 133,✅ Complete,2026-02-25,Generated MatthewChapter10_v17-24.cs
134,Matthew,40,Chapter 26,8,57–64,Batch 134,✅ Complete,2026-02-25,Generated MatthewChapter10_v25-32.cs
135,Matthew,40,Chapter 26,8,65–72,Batch 135,✅ Complete,2026-02-25,Generated MatthewChapter10_v33-40.cs
136,Matthew,40,Chapter 26,3,73–75,Batch 136,✅ Complete,2026-02-25,Generated MatthewChapter10_v41-42.cs
137,Matthew,40,Chapter 27,8,1–8,Batch 137,✅ Complete,2026-02-25,Generated MatthewChapter11_v1-8.cs
138,Matthew,40,Chapter 27,8,9–16,Batch 138,✅ Complete,2026-02-25,Generated MatthewChapter11_v9-16.cs
139,Matthew,40,Chapter 27,8,17–24,Batch 139,✅ Complete,2026-02-25,Generated MatthewChapter11_v17-24.cs
140,Matthew,40,Chapter 27,8,25–32,Batch 140,✅ Complete,2026-02-25,Generated MatthewChapter11_v25-30.cs
141,Matthew,40,Chapter 27,8,33–40,Batch 141,✅ Complete,2026-02-25,Generated MatthewChapter12_v1-8.cs
142,Matthew,40,Chapter 27,8,41–48,Batch 142,✅ Complete,2026-02-27,Generated MatthewChapter12_v9-16.cs
143,Matthew,40,Chapter 27,8,49–56,Batch 143,✅ Complete,2026-02-25,Generated MatthewChapter12_v17-24.cs
144,Matthew,40,Chapter 27,8,57–64,Batch 144,✅ Complete,2026-02-25,Generated MatthewChapter12_v25-32.cs
145,Matthew,40,Chapter 27,2,65–66,Batch 145,✅ Complete,2026-02-27,Generated MatthewChapter12_v33-40.cs
146,Matthew,40,Chapter 28,8,1–8,Batch 146,✅ Complete,2026-02-25,Generated MatthewChapter12_v41-48.cs
147,Matthew,40,Chapter 28,8,9–16,Batch 147,✅ Complete,2026-02-25,Generated MatthewChapter12_v49-50.cs
148,Matthew,40,Chapter 28,4,17–20,Batch 148,✅ Complete,2026-02-25,Generated MatthewChapter13_v1-8.cs
📖  Mark  (Book #41),,,,,,,✅ Complete,2026-02-25,Generated MatthewChapter13_v9-16.cs
149,Mark,41,Chapter 1,8,1–8,Batch 1,✅ Complete,2026-02-25,Generated MatthewChapter13_v17-24.cs
150,Mark,41,Chapter 1,8,9–16,Batch 2,✅ Complete,2026-02-27,Generated MatthewChapter13_v25-32.cs
151,Mark,41,Chapter 1,8,17–24,Batch 3,✅ Complete,2026-02-25,Generated MatthewChapter13_v33-40.cs
152,Mark,41,Chapter 1,8,25–32,Batch 4,✅ Complete,2026-02-25,Generated MatthewChapter13_v41-48.cs
153,Mark,41,Chapter 1,8,33–40,Batch 5,✅ Complete,2026-02-25,Generated MatthewChapter13_v49-56.cs
154,Mark,41,Chapter 1,5,41–45,Batch 6,✅ Complete,2026-02-25,Generated MatthewChapter13_v57-58.cs
155,Mark,41,Chapter 2,8,1–8,Batch 7,✅ Complete,2026-02-25,Generated MatthewChapter14_v1-8.cs
156,Mark,41,Chapter 2,8,9–16,Batch 8,✅ Complete,2026-02-25,Generated MatthewChapter14_v9-16.cs
157,Mark,41,Chapter 2,8,17–24,Batch 9,✅ Complete,2026-03-03,Generated MatthewChapter14_v17-24.cs
158,Mark,41,Chapter 2,4,25–28,Batch 10,✅ Complete,2026-02-25,Generated MatthewChapter14_v25-32.cs
159,Mark,41,Chapter 3,8,1–8,Batch 11,✅ Complete,2026-02-27,Generated MatthewChapter14_v33-36.cs
160,Mark,41,Chapter 3,8,9–16,Batch 12,✅ Complete,2026-02-25,Generated MatthewChapter15_v1-8.cs
161,Mark,41,Chapter 3,8,17–24,Batch 13,✅ Complete,2026-02-25,Generated MatthewChapter15_v9-16.cs
162,Mark,41,Chapter 3,8,25–32,Batch 14,✅ Complete,2026-02-25,Generated MatthewChapter15_v17-24.cs
163,Mark,41,Chapter 3,3,33–35,Batch 15,✅ Complete,2026-02-27,Generated MatthewChapter15_v25-32.cs
164,Mark,41,Chapter 4,8,1–8,Batch 16,✅ Complete,2026-02-25,Generated MatthewChapter15_v33-39.cs
165,Mark,41,Chapter 4,8,9–16,Batch 17,✅ Complete,2026-02-25,Generated MatthewChapter16_v1-8.cs
166,Mark,41,Chapter 4,8,17–24,Batch 18,✅ Complete,2026-02-25,Generated MatthewChapter16_v9-16.cs
167,Mark,41,Chapter 4,8,25–32,Batch 19,✅ Complete,2026-03-03,Generated MatthewChapter16_v17-24.cs
168,Mark,41,Chapter 4,8,33–40,Batch 20,✅ Complete,2026-02-27,Generated MatthewChapter16_v25-28.cs
169,Mark,41,Chapter 4,1,41–41,Batch 21,✅ Complete,2026-02-27,Generated MatthewChapter17_v1-8.cs
170,Mark,41,Chapter 5,8,1–8,Batch 22,✅ Complete,2026-02-27,Generated MatthewChapter17_v9-16.cs
171,Mark,41,Chapter 5,8,9–16,Batch 23,✅ Complete,2026-02-27,Generated MatthewChapter17_v17-24.cs
172,Mark,41,Chapter 5,8,17–24,Batch 24,✅ Complete,2026-02-27,Generated MatthewChapter17_v25-27.cs
173,Mark,41,Chapter 5,8,25–32,Batch 25,✅ Complete,2026-02-26,Generated MatthewChapter18_v1-8.cs
174,Mark,41,Chapter 5,8,33–40,Batch 26,✅ Complete,2026-02-27,Generated MatthewChapter18_v9-16.cs
175,Mark,41,Chapter 5,3,41–43,Batch 27,✅ Complete,2026-02-26,Generated MatthewChapter18_v17-24.cs
176,Mark,41,Chapter 6,8,1–8,Batch 28,✅ Complete,2026-02-27,Generated MatthewChapter18_v25-32.cs
177,Mark,41,Chapter 6,8,9–16,Batch 29,✅ Complete,2026-02-26,Generated MatthewChapter18_v33-35.cs
178,Mark,41,Chapter 6,8,17–24,Batch 30,✅ Complete,2026-02-26,Generated MatthewChapter19_v1-8.cs
179,Mark,41,Chapter 6,8,25–32,Batch 31,✅ Complete,2026-02-26,Generated MatthewChapter19_v9-16.cs
180,Mark,41,Chapter 6,8,33–40,Batch 32,✅ Complete,2026-02-26,Generated MatthewChapter19_v17-24.cs
181,Mark,41,Chapter 6,8,41–48,Batch 33,✅ Complete,2026-02-26,Generated MatthewChapter19_v25-30.cs
182,Mark,41,Chapter 6,8,49–56,Batch 34,✅ Complete,2026-02-26,Generated MatthewChapter20_v1-8.cs
183,Mark,41,Chapter 7,8,1–8,Batch 35,✅ Complete,2026-02-26,Generated MatthewChapter20_v9-16.cs
184,Mark,41,Chapter 7,8,9–16,Batch 36,✅ Complete,2026-02-26,Generated MatthewChapter20_v17-24.cs
185,Mark,41,Chapter 7,8,17–24,Batch 37,✅ Complete,2026-02-26,Generated MatthewChapter20_v25-32.cs
186,Mark,41,Chapter 7,8,25–32,Batch 38,✅ Complete,2026-02-26,Generated MatthewChapter20_v33-34.cs
187,Mark,41,Chapter 7,5,33–37,Batch 39,✅ Complete,2026-02-26,Generated MatthewChapter21_v1-8.cs
188,Mark,41,Chapter 8,8,1–8,Batch 40,✅ Complete,2026-02-26,Generated MatthewChapter21_v9-16.cs
189,Mark,41,Chapter 8,8,9–16,Batch 41,✅ Complete,2026-02-26,Generated MatthewChapter21_v17-24.cs
190,Mark,41,Chapter 8,8,17–24,Batch 42,✅ Complete,2026-02-26,Generated MatthewChapter21_v25-32.cs
191,Mark,41,Chapter 8,8,25–32,Batch 43,✅ Complete,2026-02-26,Generated MatthewChapter21_v33-40.cs
192,Mark,41,Chapter 8,6,33–38,Batch 44,✅ Complete,2026-02-26,Generated MatthewChapter21_v41-46.cs
193,Mark,41,Chapter 9,8,1–8,Batch 45,✅ Complete,2026-02-26,Generated MatthewChapter22_v1-8.cs
194,Mark,41,Chapter 9,8,9–16,Batch 46,✅ Complete,2026-02-26,Generated MatthewChapter22_v9-16.cs
195,Mark,41,Chapter 9,8,17–24,Batch 47,✅ Complete,2026-02-26,Generated MatthewChapter22_v17-24.cs
196,Mark,41,Chapter 9,8,25–32,Batch 48,✅ Complete,2026-02-26,Generated MatthewChapter22_v25-32.cs
197,Mark,41,Chapter 9,8,33–40,Batch 49,✅ Complete,2026-02-26,Generated MatthewChapter22_v33-40.cs
198,Mark,41,Chapter 9,8,41–48,Batch 50,✅ Complete,2026-02-26,Generated MatthewChapter22_v41-46.cs
199,Mark,41,Chapter 9,2,49–50,Batch 51,✅ Complete,2026-02-26,Generated MatthewChapter23_v1-8.cs
200,Mark,41,Chapter 10,8,1–8,Batch 52,✅ Complete,2026-02-26,Generated MatthewChapter23_v9-16.cs
201,Mark,41,Chapter 10,8,9–16,Batch 53,✅ Complete,2026-02-26,Generated MatthewChapter23_v17-24.cs
202,Mark,41,Chapter 10,8,17–24,Batch 54,✅ Complete,2026-02-26,Generated MatthewChapter23_v25-32.cs
203,Mark,41,Chapter 10,8,25–32,Batch 55,✅ Complete,2026-02-26,Generated MatthewChapter23_v33-39.cs
204,Mark,41,Chapter 10,8,33–40,Batch 56,✅ Complete,2026-02-27,Generated MatthewChapter24_v1-8.cs
205,Mark,41,Chapter 10,8,41–48,Batch 57,✅ Complete,2026-02-26,Generated MatthewChapter24_v9-16.cs
206,Mark,41,Chapter 10,4,49–52,Batch 58,✅ Complete,2026-02-26,Generated MatthewChapter24_v17-24.cs
207,Mark,41,Chapter 11,8,1–8,Batch 59,✅ Complete,2026-02-26,Generated MatthewChapter24_v25-32.cs
208,Mark,41,Chapter 11,8,9–16,Batch 60,✅ Complete,2026-02-26,Generated MatthewChapter24_v33-40.cs
209,Mark,41,Chapter 11,8,17–24,Batch 61,✅ Complete,2026-02-26,Generated MatthewChapter24_v41-48.cs
210,Mark,41,Chapter 11,8,25–32,Batch 62,✅ Complete,2026-02-26,Generated MatthewChapter24_v49-51.cs
211,Mark,41,Chapter 11,1,33–33,Batch 63,✅ Complete,2026-02-26,Generated MatthewChapter25_v1-8.cs
212,Mark,41,Chapter 12,8,1–8,Batch 64,✅ Complete,2026-02-26,Generated MatthewChapter25_v9-16.cs
213,Mark,41,Chapter 12,8,9–16,Batch 65,✅ Complete,2026-02-27,Generated MatthewChapter25_v17-24.cs
214,Mark,41,Chapter 12,8,17–24,Batch 66,✅ Complete,2026-02-26,Generated MatthewChapter25_v25-32.cs
215,Mark,41,Chapter 12,8,25–32,Batch 67,✅ Complete,2026-02-27,Generated MatthewChapter25_v33-40.cs
216,Mark,41,Chapter 12,8,33–40,Batch 68,✅ Complete,2026-02-26,Generated MatthewChapter25_v41-46.cs
217,Mark,41,Chapter 12,4,41–44,Batch 69,✅ Complete,2026-02-26,Generated MatthewChapter26_v1-8.cs
218,Mark,41,Chapter 13,8,1–8,Batch 70,✅ Complete,2026-02-26,Generated MatthewChapter26_v9-16.cs
219,Mark,41,Chapter 13,8,9–16,Batch 71,✅ Complete,2026-02-26,Generated MatthewChapter26_v17-24.cs
220,Mark,41,Chapter 13,8,17–24,Batch 72,✅ Complete,2026-02-26,Generated MatthewChapter26_v25-32.cs
221,Mark,41,Chapter 13,8,25–32,Batch 73,✅ Complete,2026-02-26,Generated MatthewChapter26_v33-40.cs
222,Mark,41,Chapter 13,5,33–37,Batch 74,✅ Complete,2026-02-26,Generated MatthewChapter26_v41-48.cs
223,Mark,41,Chapter 14,8,1–8,Batch 75,✅ Complete,2026-02-27,Generated MatthewChapter26_v49-56.cs
224,Mark,41,Chapter 14,8,9–16,Batch 76,✅ Complete,2026-02-26,Generated MatthewChapter26_v57-64.cs
225,Mark,41,Chapter 14,8,17–24,Batch 77,✅ Complete,2026-02-26,Generated MatthewChapter26_v65-72.cs
226,Mark,41,Chapter 14,8,25–32,Batch 78,✅ Complete,2026-02-26,Generated MatthewChapter26_v73-75.cs
227,Mark,41,Chapter 14,8,33–40,Batch 79,✅ Complete,2026-02-27,Generated MatthewChapter27_v1-8.cs
228,Mark,41,Chapter 14,8,41–48,Batch 80,✅ Complete,2026-02-26,Generated MatthewChapter27_v9-16.cs
229,Mark,41,Chapter 14,8,49–56,Batch 81,✅ Complete,2026-02-26,Generated MatthewChapter27_v17-24.cs
230,Mark,41,Chapter 14,8,57–64,Batch 82,✅ Complete,2026-02-26,Generated MatthewChapter27_v25-32.cs
231,Mark,41,Chapter 14,8,65–72,Batch 83,✅ Complete,2026-02-26,Generated MatthewChapter27_v33-40.cs
232,Mark,41,Chapter 15,8,1–8,Batch 84,✅ Complete,2026-02-26,Generated MatthewChapter27_v41-48.cs
233,Mark,41,Chapter 15,8,9–16,Batch 85,✅ Complete,2026-02-26,Generated MatthewChapter27_v49-56.cs
234,Mark,41,Chapter 15,8,17–24,Batch 86,✅ Complete,2026-02-26,Generated MatthewChapter27_v57-64.cs
235,Mark,41,Chapter 15,8,25–32,Batch 87,✅ Complete,2026-02-26,Generated MatthewChapter27_v65-66.cs
236,Mark,41,Chapter 15,8,33–40,Batch 88,✅ Complete,2026-02-26,Generated MatthewChapter28_v1-8.cs
237,Mark,41,Chapter 15,7,41–47,Batch 89,✅ Complete,2026-02-26,Generated MatthewChapter28_v9-16.cs
238,Mark,41,Chapter 16,8,1–8,Batch 90,✅ Complete,2026-02-26,Generated MatthewChapter28_v17-20.cs
239,Mark,41,Chapter 16,8,9–16,Batch 91,✅ Complete,2026-02-27,Generated MarkChapter16_v9-16.cs
240,Mark,41,Chapter 16,4,17–20,Batch 92,✅ Complete,2026-02-26,Generated MarkChapter1_v1-8.cs
📖  Luke  (Book #42),,,,,,,✅ Complete,2026-02-26,Generated MarkChapter1_v9-16.cs
241,Luke,42,Chapter 1,8,1–8,Batch 1,✅ Complete,2026-02-27,Generated MarkChapter1_v17-24.cs
242,Luke,42,Chapter 1,8,9–16,Batch 2,✅ Complete,2026-02-26,Generated MarkChapter1_v25-32.cs
243,Luke,42,Chapter 1,8,17–24,Batch 3,✅ Complete,2026-02-26,Generated MarkChapter1_v33-40.cs
244,Luke,42,Chapter 1,8,25–32,Batch 4,✅ Complete,2026-02-26,Generated MarkChapter1_v41-45.cs
245,Luke,42,Chapter 1,8,33–40,Batch 5,✅ Complete,2026-02-26,Generated MarkChapter2_v1-8.cs
246,Luke,42,Chapter 1,8,41–48,Batch 6,✅ Complete,2026-02-26,Generated MarkChapter2_v9-16.cs
247,Luke,42,Chapter 1,8,49–56,Batch 7,✅ Complete,2026-02-26,Generated MarkChapter2_v17-24.cs
248,Luke,42,Chapter 1,8,57–64,Batch 8,✅ Complete,2026-02-26,Generated MarkChapter2_v25-28.cs
249,Luke,42,Chapter 1,8,65–72,Batch 9,✅ Complete,2026-02-27,Generated MarkChapter3_v1-8.cs
250,Luke,42,Chapter 1,8,73–80,Batch 10,✅ Complete,2026-02-26,Generated MarkChapter3_v9-16.cs
251,Luke,42,Chapter 2,8,1–8,Batch 11,✅ Complete,2026-02-26,Generated MarkChapter3_v17-24.cs
252,Luke,42,Chapter 2,8,9–16,Batch 12,✅ Complete,2026-02-26,Generated MarkChapter3_v25-32.cs
253,Luke,42,Chapter 2,8,17–24,Batch 13,✅ Complete,2026-02-26,Generated MarkChapter3_v33-35.cs
254,Luke,42,Chapter 2,8,25–32,Batch 14,✅ Complete,2026-02-26,Generated MarkChapter4_v1-8.cs
255,Luke,42,Chapter 2,8,33–40,Batch 15,✅ Complete,2026-02-26,Generated MarkChapter4_v9-16.cs
256,Luke,42,Chapter 2,8,41–48,Batch 16,✅ Complete,2026-02-26,Generated MarkChapter4_v17-24.cs
257,Luke,42,Chapter 2,4,49–52,Batch 17,✅ Complete,2026-02-26,Generated MarkChapter4_v25-32.cs
258,Luke,42,Chapter 3,8,1–8,Batch 18,✅ Complete,2026-02-26,Generated MarkChapter4_v33-40.cs
259,Luke,42,Chapter 3,8,9–16,Batch 19,✅ Complete,2026-02-26,Generated MarkChapter4_v41-41.cs
260,Luke,42,Chapter 3,8,17–24,Batch 20,✅ Complete,2026-02-26,Generated MarkChapter5_v1-8.cs
261,Luke,42,Chapter 3,8,25–32,Batch 21,✅ Complete,2026-02-26,Generated MarkChapter5_v9-16.cs
262,Luke,42,Chapter 3,6,33–38,Batch 22,✅ Complete,2026-02-26,Generated MarkChapter5_v17-24.cs
263,Luke,42,Chapter 4,8,1–8,Batch 23,✅ Complete,2026-02-26,Generated MarkChapter5_v25-32.cs
264,Luke,42,Chapter 4,8,9–16,Batch 24,✅ Complete,2026-02-26,Generated MarkChapter5_v33-40.cs
265,Luke,42,Chapter 4,8,17–24,Batch 25,✅ Complete,2026-02-26,Generated MarkChapter5_v41-43.cs
266,Luke,42,Chapter 4,8,25–32,Batch 26,✅ Complete,2026-02-26,Generated MarkChapter6_v1-8.cs
267,Luke,42,Chapter 4,8,33–40,Batch 27,✅ Complete,2026-02-26,Generated MarkChapter6_v9-16.cs
268,Luke,42,Chapter 4,4,41–44,Batch 28,✅ Complete,2026-02-26,Generated MarkChapter6_v17-24.cs
269,Luke,42,Chapter 5,8,1–8,Batch 29,✅ Complete,2026-02-26,Generated MarkChapter6_v25-32.cs
270,Luke,42,Chapter 5,8,9–16,Batch 30,✅ Complete,2026-02-26,Generated MarkChapter6_v33-40.cs
271,Luke,42,Chapter 5,8,17–24,Batch 31,✅ Complete,2026-02-26,Generated MarkChapter6_v41-48.cs
272,Luke,42,Chapter 5,8,25–32,Batch 32,✅ Complete,2026-02-26,Generated MarkChapter6_v49-56.cs
273,Luke,42,Chapter 5,7,33–39,Batch 33,✅ Complete,2026-03-03,Generated MarkChapter7_v1-8.cs
274,Luke,42,Chapter 6,8,1–8,Batch 34,✅ Complete,2026-02-26,Generated MarkChapter7_v9-16.cs
275,Luke,42,Chapter 6,8,9–16,Batch 35,✅ Complete,2026-02-26,Generated MarkChapter7_v17-24.cs
276,Luke,42,Chapter 6,8,17–24,Batch 36,✅ Complete,2026-02-26,Generated MarkChapter7_v25-32.cs
277,Luke,42,Chapter 6,8,25–32,Batch 37,✅ Complete,2026-02-27,Generated MarkChapter7_v33-37.cs
278,Luke,42,Chapter 6,8,33–40,Batch 38,✅ Complete,2026-02-27,Generated MarkChapter8_v1-8.cs
279,Luke,42,Chapter 6,8,41–48,Batch 39,✅ Complete,2026-02-26,Generated MarkChapter8_v9-16.cs
280,Luke,42,Chapter 6,1,49–49,Batch 40,✅ Complete,2026-02-26,Generated MarkChapter8_v17-24.cs
281,Luke,42,Chapter 7,8,1–8,Batch 41,✅ Complete,2026-02-26,Generated MarkChapter8_v25-32.cs
282,Luke,42,Chapter 7,8,9–16,Batch 42,✅ Complete,2026-02-26,Generated MarkChapter8_v33-38.cs
283,Luke,42,Chapter 7,8,17–24,Batch 43,✅ Complete,2026-02-26,Generated MarkChapter9_v1-8.cs
284,Luke,42,Chapter 7,8,25–32,Batch 44,✅ Complete,2026-02-26,Generated MarkChapter9_v9-16.cs
285,Luke,42,Chapter 7,8,33–40,Batch 45,✅ Complete,2026-02-27,Generated MarkChapter9_v17-24.cs
286,Luke,42,Chapter 7,8,41–48,Batch 46,✅ Complete,2026-02-26,Generated MarkChapter9_v25-32.cs
287,Luke,42,Chapter 7,2,49–50,Batch 47,✅ Complete,2026-02-26,Generated MarkChapter9_v33-40.cs
288,Luke,42,Chapter 8,8,1–8,Batch 48,✅ Complete,2026-02-26,Generated MarkChapter9_v41-48.cs
289,Luke,42,Chapter 8,8,9–16,Batch 49,✅ Complete,2026-02-27,Generated MarkChapter9_v49-50.cs
290,Luke,42,Chapter 8,8,17–24,Batch 50,✅ Complete,2026-02-27,Generated MarkChapter10_v1-8.cs
291,Luke,42,Chapter 8,8,25–32,Batch 51,✅ Complete,2026-02-26,Generated MarkChapter10_v9-16.cs
292,Luke,42,Chapter 8,8,33–40,Batch 52,✅ Complete,2026-02-26,Generated MarkChapter10_v17-24.cs
293,Luke,42,Chapter 8,8,41–48,Batch 53,✅ Complete,2026-02-27,Generated MarkChapter10_v25-32.cs
294,Luke,42,Chapter 8,8,49–56,Batch 54,✅ Complete,2026-02-26,Generated MarkChapter10_v33-40.cs
295,Luke,42,Chapter 9,8,1–8,Batch 55,✅ Complete,2026-02-26,Generated MarkChapter10_v41-48.cs
296,Luke,42,Chapter 9,8,9–16,Batch 56,✅ Complete,2026-02-27,Generated MarkChapter10_v49-52.cs
297,Luke,42,Chapter 9,8,17–24,Batch 57,✅ Complete,2026-02-26,Generated MarkChapter11_v1-8.cs
298,Luke,42,Chapter 9,8,25–32,Batch 58,✅ Complete,2026-02-26,Generated MarkChapter11_v9-16.cs
299,Luke,42,Chapter 9,8,33–40,Batch 59,✅ Complete,2026-02-26,Generated MarkChapter11_v17-24.cs
300,Luke,42,Chapter 9,8,41–48,Batch 60,✅ Complete,2026-02-26,Generated MarkChapter11_v25-32.cs
301,Luke,42,Chapter 9,8,49–56,Batch 61,✅ Complete,2026-02-26,Generated MarkChapter11_v33-33.cs
302,Luke,42,Chapter 9,6,57–62,Batch 62,✅ Complete,2026-02-26,Generated MarkChapter12_v1-8.cs
303,Luke,42,Chapter 10,8,1–8,Batch 63,✅ Complete,2026-02-26,Generated MarkChapter12_v9-16.cs
304,Luke,42,Chapter 10,8,9–16,Batch 64,✅ Complete,2026-02-26,Generated MarkChapter12_v17-24.cs
305,Luke,42,Chapter 10,8,17–24,Batch 65,✅ Complete,2026-02-26,Generated MarkChapter12_v25-32.cs
306,Luke,42,Chapter 10,8,25–32,Batch 66,✅ Complete,2026-02-26,Generated MarkChapter12_v33-40.cs
307,Luke,42,Chapter 10,8,33–40,Batch 67,✅ Complete,2026-02-26,Generated MarkChapter12_v41-44.cs
308,Luke,42,Chapter 10,2,41–42,Batch 68,✅ Complete,2026-02-27,Generated MarkChapter13_v1-8.cs
309,Luke,42,Chapter 11,8,1–8,Batch 69,✅ Complete,2026-02-27,Generated MarkChapter13_v9-16.cs
310,Luke,42,Chapter 11,8,9–16,Batch 70,✅ Complete,2026-02-27,Generated MarkChapter13_v17-24.cs
311,Luke,42,Chapter 11,8,17–24,Batch 71,✅ Complete,2026-02-27,Generated MarkChapter13_v25-32.cs
312,Luke,42,Chapter 11,8,25–32,Batch 72,✅ Complete,2026-02-27,Generated MarkChapter13_v33-37.cs
313,Luke,42,Chapter 11,8,33–40,Batch 73,✅ Complete,2026-02-27,Generated MarkChapter14_v1-8.cs
314,Luke,42,Chapter 11,8,41–48,Batch 74,✅ Complete,2026-02-27,Generated MarkChapter14_v9-16.cs
315,Luke,42,Chapter 11,6,49–54,Batch 75,✅ Complete,2026-02-27,Generated MarkChapter14_v17-24.cs
316,Luke,42,Chapter 12,8,1–8,Batch 76,✅ Complete,2026-02-27,Generated MarkChapter14_v25-32.cs
317,Luke,42,Chapter 12,8,9–16,Batch 77,✅ Complete,2026-02-27,Generated MarkChapter14_v33-40.cs
318,Luke,42,Chapter 12,8,17–24,Batch 78,✅ Complete,2026-02-27,Generated MarkChapter14_v41-48.cs
319,Luke,42,Chapter 12,8,25–32,Batch 79,✅ Complete,2026-02-27,Generated MarkChapter14_v49-56.cs
320,Luke,42,Chapter 12,8,33–40,Batch 80,✅ Complete,2026-02-27,Generated MarkChapter14_v57-64.cs
321,Luke,42,Chapter 12,8,41–48,Batch 81,✅ Complete,2026-02-27,Generated MarkChapter14_v65-72.cs
322,Luke,42,Chapter 12,8,49–56,Batch 82,✅ Complete,2026-03-03,Generated MarkChapter15_v1-8.cs
323,Luke,42,Chapter 12,3,57–59,Batch 83,✅ Complete,2026-03-03,Generated MarkChapter15_v9-16.cs
324,Luke,42,Chapter 13,8,1–8,Batch 84,✅ Complete,2026-02-27,Generated MarkChapter15_v17-24.cs
325,Luke,42,Chapter 13,8,9–16,Batch 85,✅ Complete,2026-03-03,Generated MarkChapter15_v25-32.cs
326,Luke,42,Chapter 13,8,17–24,Batch 86,✅ Complete,2026-02-27,Generated MarkChapter15_v33-40.cs
327,Luke,42,Chapter 13,8,25–32,Batch 87,✅ Complete,2026-02-27,Generated MarkChapter15_v41-47.cs
328,Luke,42,Chapter 13,3,33–35,Batch 88,✅ Complete,2026-02-27,Generated MarkChapter16_v1-8.cs
329,Luke,42,Chapter 14,8,1–8,Batch 89,✅ Complete,2026-02-27,Generated MarkChapter16_v9-16.cs
330,Luke,42,Chapter 14,8,9–16,Batch 90,✅ Complete,2026-02-27,Generated MarkChapter16_v17-20.cs
331,Luke,42,Chapter 14,8,17–24,Batch 91,✅ Complete,2026-03-03,Generated LukeChapter14_v17-24.cs
332,Luke,42,Chapter 14,8,25–32,Batch 92,✅ Complete,2026-03-03,Generated LukeChapter1_v1-8.cs
333,Luke,42,Chapter 14,3,33–35,Batch 93,✅ Complete,2026-02-27,Generated LukeChapter1_v9-16.cs
334,Luke,42,Chapter 15,8,1–8,Batch 94,✅ Complete,2026-02-27,Generated LukeChapter1_v17-24.cs
335,Luke,42,Chapter 15,8,9–16,Batch 95,✅ Complete,2026-02-27,Generated LukeChapter1_v25-32.cs
336,Luke,42,Chapter 15,8,17–24,Batch 96,✅ Complete,2026-02-27,Generated LukeChapter1_v33-40.cs
337,Luke,42,Chapter 15,8,25–32,Batch 97,✅ Complete,2026-03-03,Generated LukeChapter1_v41-48.cs
338,Luke,42,Chapter 16,8,1–8,Batch 98,✅ Complete,2026-02-27,Generated LukeChapter1_v49-56.cs
339,Luke,42,Chapter 16,8,9–16,Batch 99,✅ Complete,2026-03-03,Generated LukeChapter1_v57-64.cs
340,Luke,42,Chapter 16,8,17–24,Batch 100,✅ Complete,2026-03-03,Generated LukeChapter1_v65-72.cs
341,Luke,42,Chapter 16,7,25–31,Batch 101,✅ Complete,2026-02-27,Generated LukeChapter1_v73-80.cs
342,Luke,42,Chapter 17,8,1–8,Batch 102,✅ Complete,2026-02-27,Generated LukeChapter2_v1-8.cs
343,Luke,42,Chapter 17,8,9–16,Batch 103,✅ Complete,2026-02-27,Generated LukeChapter2_v9-16.cs
344,Luke,42,Chapter 17,8,17–24,Batch 104,✅ Complete,2026-02-27,Generated LukeChapter2_v17-24.cs
345,Luke,42,Chapter 17,8,25–32,Batch 105,✅ Complete,2026-02-27,Generated LukeChapter2_v25-32.cs
346,Luke,42,Chapter 17,5,33–37,Batch 106,✅ Complete,2026-02-27,Generated LukeChapter2_v33-40.cs
347,Luke,42,Chapter 18,8,1–8,Batch 107,✅ Complete,2026-02-27,Generated LukeChapter2_v41-48.cs
348,Luke,42,Chapter 18,8,9–16,Batch 108,✅ Complete,2026-03-03,Generated LukeChapter2_v49-52.cs
349,Luke,42,Chapter 18,8,17–24,Batch 109,✅ Complete,2026-03-03,Generated LukeChapter3_v1-8.cs
350,Luke,42,Chapter 18,8,25–32,Batch 110,✅ Complete,2026-02-27,Generated LukeChapter3_v9-16.cs
351,Luke,42,Chapter 18,8,33–40,Batch 111,✅ Complete,2026-02-27,Generated LukeChapter3_v17-24.cs
352,Luke,42,Chapter 18,3,41–43,Batch 112,✅ Complete,2026-02-27,Generated LukeChapter3_v25-32.cs
353,Luke,42,Chapter 19,8,1–8,Batch 113,✅ Complete,2026-02-27,Generated LukeChapter3_v33-38.cs
354,Luke,42,Chapter 19,8,9–16,Batch 114,✅ Complete,2026-02-27,Generated LukeChapter4_v1-8.cs
355,Luke,42,Chapter 19,8,17–24,Batch 115,✅ Complete,2026-02-27,Generated LukeChapter4_v9-16.cs
356,Luke,42,Chapter 19,8,25–32,Batch 116,✅ Complete,2026-03-03,Generated LukeChapter4_v17-24.cs
357,Luke,42,Chapter 19,8,33–40,Batch 117,✅ Complete,2026-02-27,Generated LukeChapter4_v25-32.cs
358,Luke,42,Chapter 19,8,41–48,Batch 118,✅ Complete,2026-02-27,Generated LukeChapter4_v33-40.cs
359,Luke,42,Chapter 20,8,1–8,Batch 119,✅ Complete,2026-02-27,Generated LukeChapter4_v41-44.cs
360,Luke,42,Chapter 20,8,9–16,Batch 120,✅ Complete,2026-02-27,Generated LukeChapter5_v1-8.cs
361,Luke,42,Chapter 20,8,17–24,Batch 121,✅ Complete,2026-02-27,Generated LukeChapter5_v9-16.cs
362,Luke,42,Chapter 20,8,25–32,Batch 122,✅ Complete,2026-02-27,Generated LukeChapter5_v17-24.cs
363,Luke,42,Chapter 20,8,33–40,Batch 123,✅ Complete,2026-02-27,Generated LukeChapter5_v25-32.cs
364,Luke,42,Chapter 20,7,41–47,Batch 124,✅ Complete,2026-02-27,Generated LukeChapter5_v33-39.cs
365,Luke,42,Chapter 21,8,1–8,Batch 125,✅ Complete,2026-02-27,Generated LukeChapter6_v1-8.cs
366,Luke,42,Chapter 21,8,9–16,Batch 126,✅ Complete,2026-02-27,Generated LukeChapter6_v9-16.cs
367,Luke,42,Chapter 21,8,17–24,Batch 127,✅ Complete,2026-02-27,Generated LukeChapter6_v17-24.cs
368,Luke,42,Chapter 21,8,25–32,Batch 128,✅ Complete,2026-02-27,Generated LukeChapter6_v25-32.cs
369,Luke,42,Chapter 21,6,33–38,Batch 129,✅ Complete,2026-02-27,Generated LukeChapter6_v33-40.cs
370,Luke,42,Chapter 22,8,1–8,Batch 130,✅ Complete,2026-02-27,Generated LukeChapter6_v41-48.cs
371,Luke,42,Chapter 22,8,9–16,Batch 131,✅ Complete,2026-02-27,Generated LukeChapter6_v49-49.cs
372,Luke,42,Chapter 22,8,17–24,Batch 132,✅ Complete,2026-02-27,Generated LukeChapter7_v1-8.cs
373,Luke,42,Chapter 22,8,25–32,Batch 133,✅ Complete,2026-02-27,Generated LukeChapter7_v9-16.cs
374,Luke,42,Chapter 22,8,33–40,Batch 134,✅ Complete,2026-02-27,Generated LukeChapter7_v17-24.cs
375,Luke,42,Chapter 22,8,41–48,Batch 135,✅ Complete,2026-02-27,Generated LukeChapter7_v25-32.cs
376,Luke,42,Chapter 22,8,49–56,Batch 136,✅ Complete,2026-02-27,Generated LukeChapter7_v33-40.cs
377,Luke,42,Chapter 22,8,57–64,Batch 137,✅ Complete,2026-02-27,Generated LukeChapter7_v41-48.cs
378,Luke,42,Chapter 22,7,65–71,Batch 138,✅ Complete,2026-02-27,Generated LukeChapter7_v49-50.cs
379,Luke,42,Chapter 23,8,1–8,Batch 139,✅ Complete,2026-02-27,Generated LukeChapter8_v1-8.cs
380,Luke,42,Chapter 23,8,9–16,Batch 140,✅ Complete,2026-02-27,Generated LukeChapter8_v9-16.cs
381,Luke,42,Chapter 23,8,17–24,Batch 141,✅ Complete,2026-02-27,Generated LukeChapter8_v17-24.cs
382,Luke,42,Chapter 23,8,25–32,Batch 142,✅ Complete,2026-02-27,Generated LukeChapter8_v25-32.cs
383,Luke,42,Chapter 23,8,33–40,Batch 143,✅ Complete,2026-02-27,Generated LukeChapter8_v33-40.cs
384,Luke,42,Chapter 23,8,41–48,Batch 144,✅ Complete,2026-03-03,Generated LukeChapter8_v41-48.cs
385,Luke,42,Chapter 23,8,49–56,Batch 145,✅ Complete,2026-02-27,Generated LukeChapter8_v49-56.cs
386,Luke,42,Chapter 24,8,1–8,Batch 146,✅ Complete,2026-02-27,Generated LukeChapter9_v1-8.cs
387,Luke,42,Chapter 24,8,9–16,Batch 147,✅ Complete,2026-02-27,Generated LukeChapter9_v9-16.cs
388,Luke,42,Chapter 24,8,17–24,Batch 148,✅ Complete,2026-02-27,Generated LukeChapter9_v17-24.cs
389,Luke,42,Chapter 24,8,25–32,Batch 149,✅ Complete,2026-02-27,Generated LukeChapter9_v25-32.cs
390,Luke,42,Chapter 24,8,33–40,Batch 150,✅ Complete,2026-02-27,Generated LukeChapter9_v33-40.cs
391,Luke,42,Chapter 24,8,41–48,Batch 151,✅ Complete,2026-02-27,Generated LukeChapter9_v41-48.cs
392,Luke,42,Chapter 24,5,49–53,Batch 152,✅ Complete,2026-02-27,Generated LukeChapter9_v49-56.cs
📖  John  (Book #43),,,,,,,✅ Complete,2026-02-27,Generated LukeChapter9_v57-62.cs
393,John,43,Chapter 1,8,1–8,Batch 1,✅ Complete,2026-03-03,Generated LukeChapter10_v1-8.cs
394,John,43,Chapter 1,8,9–16,Batch 2,✅ Complete,2026-03-03,Generated LukeChapter10_v9-16.cs
395,John,43,Chapter 1,8,17–24,Batch 3,✅ Complete,2026-02-27,Generated LukeChapter10_v17-24.cs
396,John,43,Chapter 1,8,25–32,Batch 4,✅ Complete,2026-02-27,Generated LukeChapter10_v25-32.cs
397,John,43,Chapter 1,8,33–40,Batch 5,✅ Complete,2026-02-27,Generated LukeChapter10_v33-40.cs
398,John,43,Chapter 1,8,41–48,Batch 6,✅ Complete,2026-03-03,Generated LukeChapter10_v41-42.cs
399,John,43,Chapter 1,3,49–51,Batch 7,✅ Complete,2026-03-03,Generated LukeChapter11_v1-8.cs
400,John,43,Chapter 2,8,1–8,Batch 8,✅ Complete,2026-03-03,Generated LukeChapter11_v9-16.cs
401,John,43,Chapter 2,8,9–16,Batch 9,✅ Complete,2026-03-03,Generated LukeChapter11_v17-24.cs
402,John,43,Chapter 2,8,17–24,Batch 10,✅ Complete,2026-03-03,Generated LukeChapter11_v25-32.cs
403,John,43,Chapter 2,1,25–25,Batch 11,✅ Complete,2026-03-03,Generated LukeChapter11_v33-40.cs
404,John,43,Chapter 3,8,1–8,Batch 12,✅ Complete,2026-03-03,Generated LukeChapter11_v41-48.cs
405,John,43,Chapter 3,8,9–16,Batch 13,✅ Complete,2026-03-03,Generated LukeChapter11_v49-54.cs
406,John,43,Chapter 3,8,17–24,Batch 14,✅ Complete,2026-03-03,Generated LukeChapter12_v1-8.cs
407,John,43,Chapter 3,8,25–32,Batch 15,✅ Complete,2026-02-27,Generated LukeChapter12_v9-16.cs
408,John,43,Chapter 3,4,33–36,Batch 16,✅ Complete,2026-02-27,Generated LukeChapter12_v17-24.cs
409,John,43,Chapter 4,8,1–8,Batch 17,✅ Complete,2026-03-03,Generated LukeChapter12_v25-32.cs
410,John,43,Chapter 4,8,9–16,Batch 18,✅ Complete,2026-03-03,Generated LukeChapter12_v33-40.cs
411,John,43,Chapter 4,8,17–24,Batch 19,✅ Complete,2026-03-03,Generated LukeChapter12_v41-48.cs
412,John,43,Chapter 4,8,25–32,Batch 20,✅ Complete,2026-03-03,Generated LukeChapter12_v49-56.cs
413,John,43,Chapter 4,8,33–40,Batch 21,✅ Complete,2026-03-03,Generated LukeChapter12_v57-59.cs
414,John,43,Chapter 4,8,41–48,Batch 22,✅ Complete,2026-03-03,Generated LukeChapter13_v1-8.cs
415,John,43,Chapter 4,6,49–54,Batch 23,✅ Complete,2026-03-03,Generated LukeChapter13_v9-16.cs
416,John,43,Chapter 5,8,1–8,Batch 24,✅ Complete,2026-03-03,Generated LukeChapter13_v17-24.cs
417,John,43,Chapter 5,8,9–16,Batch 25,✅ Complete,2026-03-03,Generated LukeChapter13_v25-32.cs
418,John,43,Chapter 5,8,17–24,Batch 26,✅ Complete,2026-03-03,Generated LukeChapter13_v33-35.cs
419,John,43,Chapter 5,8,25–32,Batch 27,✅ Complete,2026-03-01,Generated LukeChapter14_v1-8.cs
420,John,43,Chapter 5,8,33–40,Batch 28,✅ Complete,2026-03-03,Generated LukeChapter14_v9-16.cs
421,John,43,Chapter 5,7,41–47,Batch 29,✅ Complete,2026-03-03,Generated LukeChapter14_v17-24.cs
422,John,43,Chapter 6,8,1–8,Batch 30,✅ Complete,2026-03-03,Generated LukeChapter14_v25-32.cs
423,John,43,Chapter 6,8,9–16,Batch 31,✅ Complete,2026-03-03,Generated LukeChapter14_v33-35.cs
424,John,43,Chapter 6,8,17–24,Batch 32,✅ Complete,2026-03-03,Generated LukeChapter15_v1-8.cs
425,John,43,Chapter 6,8,25–32,Batch 33,✅ Complete,2026-03-03,Generated LukeChapter15_v9-16.cs
426,John,43,Chapter 6,8,33–40,Batch 34,✅ Complete,2026-03-03,Generated LukeChapter15_v17-24.cs
427,John,43,Chapter 6,8,41–48,Batch 35,✅ Complete,2026-03-03,Generated LukeChapter15_v25-32.cs
428,John,43,Chapter 6,8,49–56,Batch 36,✅ Complete,2026-03-03,Generated LukeChapter16_v1-8.cs
429,John,43,Chapter 6,8,57–64,Batch 37,✅ Complete,2026-03-04,Generated JohnChapter6_v57-64.cs
430,John,43,Chapter 6,7,65–71,Batch 38,✅ Complete,2026-03-03,Generated LukeChapter16_v17-24.cs
431,John,43,Chapter 7,8,1–8,Batch 39,✅ Complete,2026-03-03,Generated LukeChapter16_v25-31.cs
432,John,43,Chapter 7,8,9–16,Batch 40,✅ Complete,2026-03-03,Generated LukeChapter17_v1-8.cs
433,John,43,Chapter 7,8,17–24,Batch 41,✅ Complete,2026-03-03,Generated LukeChapter17_v9-16.cs
434,John,43,Chapter 7,8,25–32,Batch 42,✅ Complete,2026-03-04,Generated JohnChapter7_v25-32.cs
435,John,43,Chapter 7,8,33–40,Batch 43,✅ Complete,2026-03-04,Generated JohnChapter7_v33-40.cs
436,John,43,Chapter 7,8,41–48,Batch 44,✅ Complete,2026-03-04,Generated JohnChapter7_v41-48.cs
437,John,43,Chapter 7,5,49–53,Batch 45,✅ Complete,2026-03-03,Generated LukeChapter18_v1-8.cs
438,John,43,Chapter 8,8,1–8,Batch 46,✅ Complete,2026-03-03,Generated LukeChapter18_v9-16.cs
439,John,43,Chapter 8,8,9–16,Batch 47,✅ Complete,2026-03-04,Generated JohnChapter8_v9-16.cs
440,John,43,Chapter 8,8,17–24,Batch 48,✅ Complete,2026-03-04,Generated JohnChapter8_v17-24.cs
441,John,43,Chapter 8,8,25–32,Batch 49,✅ Complete,2026-03-03,Generated LukeChapter18_v33-40.cs
442,John,43,Chapter 8,8,33–40,Batch 50,✅ Complete,2026-03-03,Generated LukeChapter18_v41-43.cs
443,John,43,Chapter 8,8,41–48,Batch 51,✅ Complete,2026-03-03,Generated LukeChapter19_v1-8.cs
444,John,43,Chapter 8,8,49–56,Batch 52,✅ Complete,2026-03-02,Generated LukeChapter19_v9-16.cs
445,John,43,Chapter 8,3,57–59,Batch 53,✅ Complete,2026-03-03,Generated LukeChapter19_v17-24.cs
446,John,43,Chapter 9,8,1–8,Batch 54,✅ Complete,2026-03-03,Generated LukeChapter19_v25-32.cs
447,John,43,Chapter 9,8,9–16,Batch 55,✅ Complete,2026-03-03,Generated LukeChapter19_v33-40.cs
448,John,43,Chapter 9,8,17–24,Batch 56,✅ Complete,2026-03-03,Generated LukeChapter19_v41-48.cs
449,John,43,Chapter 9,8,25–32,Batch 57,✅ Complete,2026-03-03,Generated LukeChapter20_v1-8.cs
450,John,43,Chapter 9,8,33–40,Batch 58,✅ Complete,2026-03-03,Generated LukeChapter20_v9-16.cs
451,John,43,Chapter 9,1,41–41,Batch 59,✅ Complete,2026-03-03,Generated LukeChapter20_v17-24.cs
452,John,43,Chapter 10,8,1–8,Batch 60,✅ Complete,2026-03-03,Generated LukeChapter20_v25-32.cs
453,John,43,Chapter 10,8,9–16,Batch 61,✅ Complete,2026-03-03,Generated LukeChapter20_v33-40.cs
454,John,43,Chapter 10,8,17–24,Batch 62,✅ Complete,2026-03-03,Generated LukeChapter20_v41-47.cs
455,John,43,Chapter 10,8,25–32,Batch 63,✅ Complete,2026-03-03,Generated LukeChapter21_v1-8.cs
456,John,43,Chapter 10,8,33–40,Batch 64,✅ Complete,2026-03-04,Generated JohnChapter10_v33-40.cs
457,John,43,Chapter 10,2,41–42,Batch 65,✅ Complete,2026-03-03,Generated LukeChapter21_v17-24.cs
458,John,43,Chapter 11,8,1–8,Batch 66,✅ Complete,2026-03-03,Generated LukeChapter21_v25-32.cs
459,John,43,Chapter 11,8,9–16,Batch 67,✅ Complete,2026-03-03,Generated LukeChapter21_v33-38.cs
460,John,43,Chapter 11,8,17–24,Batch 68,✅ Complete,2026-03-03,Generated LukeChapter22_v1-8.cs
461,John,43,Chapter 11,8,25–32,Batch 69,✅ Complete,2026-03-04,Generated JohnChapter11_v25-32.cs
462,John,43,Chapter 11,8,33–40,Batch 70,✅ Complete,2026-03-03,Generated LukeChapter22_v17-24.cs
463,John,43,Chapter 11,8,41–48,Batch 71,✅ Complete,2026-03-03,Generated LukeChapter22_v25-32.cs
464,John,43,Chapter 11,8,49–56,Batch 72,✅ Complete,2026-03-03,Generated LukeChapter22_v33-40.cs
465,John,43,Chapter 11,1,57–57,Batch 73,✅ Complete,2026-03-03,Generated LukeChapter22_v41-48.cs
466,John,43,Chapter 12,8,1–8,Batch 74,✅ Complete,2026-03-03,Generated LukeChapter22_v49-56.cs
467,John,43,Chapter 12,8,9–16,Batch 75,✅ Complete,2026-03-03,Generated LukeChapter22_v57-64.cs
468,John,43,Chapter 12,8,17–24,Batch 76,✅ Complete,2026-03-03,Generated LukeChapter22_v65-71.cs
469,John,43,Chapter 12,8,25–32,Batch 77,✅ Complete,2026-03-03,Generated LukeChapter23_v1-8.cs
470,John,43,Chapter 12,8,33–40,Batch 78,✅ Complete,2026-03-04,Generated JohnChapter12_v33-40.cs
471,John,43,Chapter 12,8,41–48,Batch 79,✅ Complete,2026-03-03,Generated LukeChapter23_v17-24.cs
472,John,43,Chapter 12,2,49–50,Batch 80,✅ Complete,2026-03-03,Generated LukeChapter23_v25-32.cs
473,John,43,Chapter 13,8,1–8,Batch 81,✅ Complete,2026-03-03,Generated LukeChapter23_v33-40.cs
474,John,43,Chapter 13,8,9–16,Batch 82,✅ Complete,2026-03-04,Generated JohnChapter13_v9-16.cs
475,John,43,Chapter 13,8,17–24,Batch 83,✅ Complete,2026-03-04,Generated JohnChapter13_v17-24.cs
476,John,43,Chapter 13,8,25–32,Batch 84,✅ Complete,2026-03-03,Generated LukeChapter24_v1-8.cs
477,John,43,Chapter 13,6,33–38,Batch 85,✅ Complete,2026-03-03,Generated LukeChapter24_v9-16.cs
478,John,43,Chapter 14,8,1–8,Batch 86,✅ Complete,2026-03-03,Generated LukeChapter24_v17-24.cs
479,John,43,Chapter 14,8,9–16,Batch 87,✅ Complete,2026-03-03,Generated LukeChapter24_v25-32.cs
480,John,43,Chapter 14,8,17–24,Batch 88,✅ Complete,2026-03-03,Generated LukeChapter24_v33-40.cs
481,John,43,Chapter 14,7,25–31,Batch 89,✅ Complete,2026-03-03,Generated LukeChapter24_v41-48.cs
482,John,43,Chapter 15,8,1–8,Batch 90,✅ Complete,2026-03-04,Generated JohnChapter15_v1-8.cs
483,John,43,Chapter 15,8,9–16,Batch 91,✅ Complete,2026-03-04,Generated JohnChapter15_v9-16.cs
484,John,43,Chapter 15,8,17–24,Batch 92,✅ Complete,2026-03-03,Generated JohnChapter1_v1-8.cs
485,John,43,Chapter 15,3,25–27,Batch 93,✅ Complete,2026-03-03,Generated JohnChapter1_v9-16.cs
486,John,43,Chapter 16,8,1–8,Batch 94,✅ Complete,2026-03-03,Generated JohnChapter1_v17-24.cs
487,John,43,Chapter 16,8,9–16,Batch 95,✅ Complete,2026-03-03,Generated JohnChapter1_v25-32.cs
488,John,43,Chapter 16,8,17–24,Batch 96,✅ Complete,2026-03-04,Generated JohnChapter16_v17-24.cs
489,John,43,Chapter 16,8,25–32,Batch 97,✅ Complete,2026-03-03,Generated JohnChapter1_v41-48.cs
490,John,43,Chapter 16,1,33–33,Batch 98,✅ Complete,2026-03-03,Generated JohnChapter1_v49-51.cs
491,John,43,Chapter 17,8,1–8,Batch 99,✅ Complete,2026-03-03,Generated JohnChapter2_v1-8.cs
492,John,43,Chapter 17,8,9–16,Batch 100,✅ Complete,2026-03-03,Generated JohnChapter2_v9-16.cs
493,John,43,Chapter 17,8,17–24,Batch 101,✅ Complete,2026-03-03,Generated JohnChapter2_v17-24.cs
494,John,43,Chapter 17,2,25–26,Batch 102,✅ Complete,2026-03-03,Generated JohnChapter2_v25-25.cs
495,John,43,Chapter 18,8,1–8,Batch 103,✅ Complete,2026-03-03,Generated JohnChapter3_v1-8.cs
496,John,43,Chapter 18,8,9–16,Batch 104,✅ Complete,2026-03-03,Generated JohnChapter3_v9-16.cs
497,John,43,Chapter 18,8,17–24,Batch 105,✅ Complete,2026-03-03,Generated JohnChapter3_v17-24.cs
498,John,43,Chapter 18,8,25–32,Batch 106,✅ Complete,2026-03-03,Generated JohnChapter3_v25-32.cs
499,John,43,Chapter 18,8,33–40,Batch 107,✅ Complete,2026-03-03,Generated JohnChapter3_v33-36.cs
500,John,43,Chapter 19,8,1–8,Batch 108,✅ Complete,2026-03-03,Generated JohnChapter4_v1-8.cs
501,John,43,Chapter 19,8,9–16,Batch 109,✅ Complete,2026-03-03,Generated JohnChapter4_v9-16.cs
502,John,43,Chapter 19,8,17–24,Batch 110,✅ Complete,2026-03-03,Generated JohnChapter4_v17-24.cs
503,John,43,Chapter 19,8,25–32,Batch 111,✅ Complete,2026-03-03,Generated JohnChapter4_v25-32.cs
504,John,43,Chapter 19,8,33–40,Batch 112,✅ Complete,2026-03-03,Generated JohnChapter4_v33-40.cs
505,John,43,Chapter 19,2,41–42,Batch 113,✅ Complete,2026-03-03,Generated JohnChapter4_v41-48.cs
506,John,43,Chapter 20,8,1–8,Batch 114,✅ Complete,2026-03-03,Generated JohnChapter4_v49-54.cs
507,John,43,Chapter 20,8,9–16,Batch 115,✅ Complete,2026-03-03,Generated JohnChapter5_v1-8.cs
508,John,43,Chapter 20,8,17–24,Batch 116,✅ Complete,2026-03-03,Generated JohnChapter5_v9-16.cs
509,John,43,Chapter 20,7,25–31,Batch 117,✅ Complete,2026-03-03,Generated JohnChapter5_v17-24.cs
510,John,43,Chapter 21,8,1–8,Batch 118,✅ Complete,2026-03-03,Generated JohnChapter5_v25-32.cs
511,John,43,Chapter 21,8,9–16,Batch 119,✅ Complete,2026-03-03,Generated JohnChapter5_v33-40.cs
512,John,43,Chapter 21,8,17–24,Batch 120,✅ Complete,2026-03-03,Generated JohnChapter5_v41-47.cs
513,John,43,Chapter 21,1,25–25,Batch 121,✅ Complete,2026-03-03,Generated JohnChapter6_v1-8.cs
📖  Acts  (Book #44),,,,,,,✅ Complete,2026-03-03,Generated JohnChapter6_v9-16.cs
514,Acts,44,Chapter 1,8,1–8,Batch 1,✅ Complete,2026-03-03,Generated JohnChapter6_v17-24.cs
515,Acts,44,Chapter 1,8,9–16,Batch 2,✅ Complete,2026-03-03,Generated JohnChapter6_v25-32.cs
516,Acts,44,Chapter 1,8,17–24,Batch 3,✅ Complete,2026-03-03,Generated JohnChapter6_v33-40.cs
517,Acts,44,Chapter 1,2,25–26,Batch 4,✅ Complete,2026-03-03,Generated JohnChapter6_v41-48.cs
518,Acts,44,Chapter 2,8,1–8,Batch 5,✅ Complete,2026-03-03,Generated JohnChapter6_v49-56.cs
519,Acts,44,Chapter 2,8,9–16,Batch 6,✅ Complete,2026-03-04,Generated ActsChapter2_v9-16.cs
520,Acts,44,Chapter 2,8,17–24,Batch 7,✅ Complete,2026-03-04,Generated ActsChapter2_v17-24.cs
521,Acts,44,Chapter 2,8,25–32,Batch 8,✅ Complete,2026-03-03,Generated JohnChapter7_v1-8.cs
522,Acts,44,Chapter 2,8,33–40,Batch 9,✅ Complete,2026-03-03,Generated JohnChapter7_v9-16.cs
523,Acts,44,Chapter 2,7,41–47,Batch 10,✅ Complete,2026-03-04,Generated ActsChapter2_v41-47.cs
524,Acts,44,Chapter 3,8,1–8,Batch 11,✅ Complete,2026-03-03,Generated JohnChapter7_v25-32.cs
525,Acts,44,Chapter 3,8,9–16,Batch 12,✅ Complete,2026-03-03,Generated JohnChapter7_v33-40.cs
526,Acts,44,Chapter 3,8,17–24,Batch 13,✅ Complete,2026-03-04,Generated ActsChapter3_v17-24.cs
527,Acts,44,Chapter 3,2,25–26,Batch 14,✅ Complete,2026-03-04,Generated ActsChapter3_v25-26.cs
528,Acts,44,Chapter 4,8,1–8,Batch 15,✅ Complete,2026-03-04,Generated ActsChapter4_v1-8.cs
529,Acts,44,Chapter 4,8,9–16,Batch 16,✅ Complete,2026-03-04,Generated ActsChapter4_v9-16.cs
530,Acts,44,Chapter 4,8,17–24,Batch 17,⬜ Pending,,Failed - see logs
531,Acts,44,Chapter 4,8,25–32,Batch 18,✅ Complete,2026-03-04,Generated ActsChapter4_v25-32.cs
532,Acts,44,Chapter 4,5,33–37,Batch 19,✅ Complete,2026-03-04,Generated ActsChapter4_v33-37.cs
533,Acts,44,Chapter 5,8,1–8,Batch 20,✅ Complete,2026-03-04,Generated ActsChapter5_v1-8.cs
534,Acts,44,Chapter 5,8,9–16,Batch 21,✅ Complete,2026-03-04,Generated ActsChapter5_v9-16.cs
535,Acts,44,Chapter 5,8,17–24,Batch 22,✅ Complete,2026-03-04,Generated ActsChapter5_v17-24.cs
536,Acts,44,Chapter 5,8,25–32,Batch 23,✅ Complete,2026-03-04,Generated ActsChapter5_v25-32.cs
537,Acts,44,Chapter 5,8,33–40,Batch 24,✅ Complete,2026-03-04,Generated ActsChapter5_v33-40.cs
538,Acts,44,Chapter 5,2,41–42,Batch 25,✅ Complete,2026-03-04,Generated ActsChapter5_v41-42.cs
539,Acts,44,Chapter 6,8,1–8,Batch 26,✅ Complete,2026-03-04,Generated ActsChapter6_v1-8.cs
540,Acts,44,Chapter 6,7,9–15,Batch 27,✅ Complete,2026-03-04,Generated ActsChapter6_v9-15.cs
541,Acts,44,Chapter 7,8,1–8,Batch 28,✅ Complete,2026-03-04,Generated ActsChapter7_v1-8.cs
542,Acts,44,Chapter 7,8,9–16,Batch 29,✅ Complete,2026-03-04,Generated ActsChapter7_v9-16.cs
543,Acts,44,Chapter 7,8,17–24,Batch 30,✅ Complete,2026-03-04,Generated ActsChapter7_v17-24.cs
544,Acts,44,Chapter 7,8,25–32,Batch 31,✅ Complete,2026-03-04,Generated ActsChapter7_v25-32.cs
545,Acts,44,Chapter 7,8,33–40,Batch 32,✅ Complete,2026-03-04,Generated ActsChapter7_v33-40.cs
546,Acts,44,Chapter 7,8,41–48,Batch 33,✅ Complete,2026-03-04,Generated ActsChapter7_v41-48.cs
547,Acts,44,Chapter 7,8,49–56,Batch 34,✅ Complete,2026-03-04,Generated ActsChapter7_v49-56.cs
548,Acts,44,Chapter 7,4,57–60,Batch 35,✅ Complete,2026-03-04,Generated ActsChapter7_v57-60.cs
549,Acts,44,Chapter 8,8,1–8,Batch 36,✅ Complete,2026-03-04,Generated ActsChapter8_v1-8.cs
550,Acts,44,Chapter 8,8,9–16,Batch 37,✅ Complete,2026-03-04,Generated ActsChapter8_v9-16.cs
551,Acts,44,Chapter 8,8,17–24,Batch 38,✅ Complete,2026-03-04,Generated ActsChapter8_v17-24.cs
552,Acts,44,Chapter 8,8,25–32,Batch 39,✅ Complete,2026-03-04,Generated ActsChapter8_v25-32.cs
553,Acts,44,Chapter 8,8,33–40,Batch 40,✅ Complete,2026-03-04,Generated ActsChapter8_v33-40.cs
554,Acts,44,Chapter 9,8,1–8,Batch 41,⬜ Pending,2026-03-04,Failed - see logs
555,Acts,44,Chapter 9,8,9–16,Batch 42,✅ Complete,2026-03-04,Generated ActsChapter9_v9-16.cs
556,Acts,44,Chapter 9,8,17–24,Batch 43,✅ Complete,2026-03-04,Generated ActsChapter9_v17-24.cs
557,Acts,44,Chapter 9,8,25–32,Batch 44,✅ Complete,2026-03-04,Generated ActsChapter9_v25-32.cs
558,Acts,44,Chapter 9,8,33–40,Batch 45,✅ Complete,2026-03-04,Generated ActsChapter9_v33-40.cs
559,Acts,44,Chapter 9,3,41–43,Batch 46,✅ Complete,2026-03-04,Generated ActsChapter9_v41-43.cs
560,Acts,44,Chapter 10,8,1–8,Batch 47,✅ Complete,2026-03-04,Generated ActsChapter10_v1-8.cs
561,Acts,44,Chapter 10,8,9–16,Batch 48,✅ Complete,2026-03-04,Generated ActsChapter10_v9-16.cs
562,Acts,44,Chapter 10,8,17–24,Batch 49,✅ Complete,2026-03-04,Generated ActsChapter10_v17-24.cs
563,Acts,44,Chapter 10,8,25–32,Batch 50,✅ Complete,2026-03-04,Generated ActsChapter10_v25-32.cs
564,Acts,44,Chapter 10,8,33–40,Batch 51,⬜ Pending,,Failed - see logs
565,Acts,44,Chapter 10,8,41–48,Batch 52,✅ Complete,2026-03-04,Generated ActsChapter10_v41-48.cs
566,Acts,44,Chapter 11,8,1–8,Batch 53,✅ Complete,2026-03-04,Generated ActsChapter11_v1-8.cs
567,Acts,44,Chapter 11,8,9–16,Batch 54,✅ Complete,2026-03-04,Generated ActsChapter11_v9-16.cs
568,Acts,44,Chapter 11,8,17–24,Batch 55,✅ Complete,2026-03-04,Generated ActsChapter11_v17-24.cs
569,Acts,44,Chapter 11,6,25–30,Batch 56,✅ Complete,2026-03-04,Generated ActsChapter11_v25-30.cs
570,Acts,44,Chapter 12,8,1–8,Batch 57,✅ Complete,2026-03-04,Generated ActsChapter12_v1-8.cs
571,Acts,44,Chapter 12,8,9–16,Batch 58,✅ Complete,2026-03-04,Generated ActsChapter12_v9-16.cs
572,Acts,44,Chapter 12,8,17–24,Batch 59,✅ Complete,2026-03-04,Generated ActsChapter12_v17-24.cs
573,Acts,44,Chapter 12,1,25–25,Batch 60,✅ Complete,2026-03-04,Generated ActsChapter12_v25-25.cs
574,Acts,44,Chapter 13,8,1–8,Batch 61,✅ Complete,2026-03-04,Generated ActsChapter13_v1-8.cs
575,Acts,44,Chapter 13,8,9–16,Batch 62,✅ Complete,2026-03-04,Generated ActsChapter13_v9-16.cs
576,Acts,44,Chapter 13,8,17–24,Batch 63,✅ Complete,2026-03-04,Generated ActsChapter13_v17-24.cs
577,Acts,44,Chapter 13,8,25–32,Batch 64,✅ Complete,2026-03-04,Generated ActsChapter13_v25-32.cs
578,Acts,44,Chapter 13,8,33–40,Batch 65,⬜ Pending,,Failed - see logs
579,Acts,44,Chapter 13,8,41–48,Batch 66,✅ Complete,2026-03-04,Generated ActsChapter13_v41-48.cs
580,Acts,44,Chapter 13,4,49–52,Batch 67,✅ Complete,2026-03-04,Generated ActsChapter13_v49-52.cs
581,Acts,44,Chapter 14,8,1–8,Batch 68,✅ Complete,2026-03-04,Generated ActsChapter14_v1-8.cs
582,Acts,44,Chapter 14,8,9–16,Batch 69,✅ Complete,2026-03-04,Generated ActsChapter14_v9-16.cs
583,Acts,44,Chapter 14,8,17–24,Batch 70,⬜ Pending,,Failed - see logs
584,Acts,44,Chapter 14,4,25–28,Batch 71,✅ Complete,2026-03-04,Generated ActsChapter14_v25-28.cs
585,Acts,44,Chapter 15,8,1–8,Batch 72,✅ Complete,2026-03-04,Generated ActsChapter15_v1-8.cs
586,Acts,44,Chapter 15,8,9–16,Batch 73,⬜ Pending,,Failed - see logs
587,Acts,44,Chapter 15,8,17–24,Batch 74,✅ Complete,2026-03-04,Generated ActsChapter15_v17-24.cs
588,Acts,44,Chapter 15,8,25–32,Batch 75,⬜ Pending,,Failed - see logs
589,Acts,44,Chapter 15,8,33–40,Batch 76,✅ Complete,2026-03-04,Generated ActsChapter15_v33-40.cs
590,Acts,44,Chapter 15,1,41–41,Batch 77,⬜ Pending,,Failed - see logs
591,Acts,44,Chapter 16,8,1–8,Batch 78,✅ Complete,2026-03-04,Generated ActsChapter16_v1-8.cs
592,Acts,44,Chapter 16,8,9–16,Batch 79,✅ Complete,2026-03-04,Generated ActsChapter16_v9-16.cs
593,Acts,44,Chapter 16,8,17–24,Batch 80,✅ Complete,2026-03-04,Generated ActsChapter16_v17-24.cs
594,Acts,44,Chapter 16,8,25–32,Batch 81,✅ Complete,2026-03-04,Generated ActsChapter16_v25-32.cs
595,Acts,44,Chapter 16,8,33–40,Batch 82,✅ Complete,2026-03-04,Generated ActsChapter16_v33-40.cs
596,Acts,44,Chapter 17,8,1–8,Batch 83,✅ Complete,2026-03-04,Generated ActsChapter17_v1-8.cs
597,Acts,44,Chapter 17,8,9–16,Batch 84,✅ Complete,2026-03-04,Generated ActsChapter17_v9-16.cs
598,Acts,44,Chapter 17,8,17–24,Batch 85,✅ Complete,2026-03-04,Generated ActsChapter17_v17-24.cs
599,Acts,44,Chapter 17,8,25–32,Batch 86,✅ Complete,2026-03-04,Generated ActsChapter17_v25-32.cs
600,Acts,44,Chapter 17,2,33–34,Batch 87,✅ Complete,2026-03-04,Generated ActsChapter17_v33-34.cs
601,Acts,44,Chapter 18,8,1–8,Batch 88,✅ Complete,2026-03-04,Generated ActsChapter18_v1-8.cs
602,Acts,44,Chapter 18,8,9–16,Batch 89,⬜ Pending,,Failed - see logs
603,Acts,44,Chapter 18,8,17–24,Batch 90,✅ Complete,2026-03-04,Generated ActsChapter18_v17-24.cs
604,Acts,44,Chapter 18,4,25–28,Batch 91,⬜ Pending,,Failed - see logs
605,Acts,44,Chapter 19,8,1–8,Batch 92,⬜ Pending,,Failed - see logs
606,Acts,44,Chapter 19,8,9–16,Batch 93,✅ Complete,2026-03-04,Generated ActsChapter19_v9-16.cs
607,Acts,44,Chapter 19,8,17–24,Batch 94,✅ Complete,2026-03-04,Generated ActsChapter19_v17-24.cs
608,Acts,44,Chapter 19,8,25–32,Batch 95,✅ Complete,2026-03-04,Generated ActsChapter19_v25-32.cs
609,Acts,44,Chapter 19,8,33–40,Batch 96,✅ Complete,2026-03-04,Generated ActsChapter19_v33-40.cs
610,Acts,44,Chapter 19,1,41–41,Batch 97,⬜ Pending,,Failed - see logs
611,Acts,44,Chapter 20,8,1–8,Batch 98,✅ Complete,2026-03-04,Generated ActsChapter20_v1-8.cs
612,Acts,44,Chapter 20,8,9–16,Batch 99,⬜ Pending,,Failed - see logs
613,Acts,44,Chapter 20,8,17–24,Batch 100,✅ Complete,2026-03-04,Generated ActsChapter20_v17-24.cs
614,Acts,44,Chapter 20,8,25–32,Batch 101,✅ Complete,2026-03-04,Generated ActsChapter20_v25-32.cs
615,Acts,44,Chapter 20,6,33–38,Batch 102,✅ Complete,2026-03-04,Generated ActsChapter20_v33-38.cs
616,Acts,44,Chapter 21,8,1–8,Batch 103,✅ Complete,2026-03-04,Generated ActsChapter21_v1-8.cs
617,Acts,44,Chapter 21,8,9–16,Batch 104,✅ Complete,2026-03-04,Generated ActsChapter21_v9-16.cs
618,Acts,44,Chapter 21,8,17–24,Batch 105,✅ Complete,2026-03-04,Generated ActsChapter21_v17-24.cs
619,Acts,44,Chapter 21,8,25–32,Batch 106,✅ Complete,2026-03-04,Generated ActsChapter21_v25-32.cs
620,Acts,44,Chapter 21,8,33–40,Batch 107,✅ Complete,2026-03-04,Generated ActsChapter21_v33-40.cs
621,Acts,44,Chapter 22,8,1–8,Batch 108,✅ Complete,2026-03-04,Generated ActsChapter22_v1-8.cs
622,Acts,44,Chapter 22,8,9–16,Batch 109,✅ Complete,2026-03-04,Generated ActsChapter22_v9-16.cs
623,Acts,44,Chapter 22,8,17–24,Batch 110,⬜ Pending,,Failed - see logs
624,Acts,44,Chapter 22,6,25–30,Batch 111,✅ Complete,2026-03-04,Generated ActsChapter22_v25-30.cs
625,Acts,44,Chapter 23,8,1–8,Batch 112,⬜ Pending,,Failed - see logs
626,Acts,44,Chapter 23,8,9–16,Batch 113,✅ Complete,2026-03-04,Generated ActsChapter23_v9-16.cs
627,Acts,44,Chapter 23,8,17–24,Batch 114,✅ Complete,2026-03-04,Generated ActsChapter23_v17-24.cs
628,Acts,44,Chapter 23,8,25–32,Batch 115,✅ Complete,2026-03-04,Generated ActsChapter23_v25-32.cs
629,Acts,44,Chapter 23,3,33–35,Batch 116,✅ Complete,2026-03-04,Generated ActsChapter23_v33-35.cs
630,Acts,44,Chapter 24,8,1–8,Batch 117,✅ Complete,2026-03-04,Generated ActsChapter24_v1-8.cs
631,Acts,44,Chapter 24,8,9–16,Batch 118,✅ Complete,2026-03-04,Generated ActsChapter24_v9-16.cs
632,Acts,44,Chapter 24,8,17–24,Batch 119,✅ Complete,2026-03-04,Generated ActsChapter24_v17-24.cs
633,Acts,44,Chapter 24,3,25–27,Batch 120,✅ Complete,2026-03-04,Generated ActsChapter24_v25-27.cs
634,Acts,44,Chapter 25,8,1–8,Batch 121,✅ Complete,2026-03-04,Generated ActsChapter25_v1-8.cs
635,Acts,44,Chapter 25,8,9–16,Batch 122,✅ Complete,2026-03-04,Generated ActsChapter25_v9-16.cs
636,Acts,44,Chapter 25,8,17–24,Batch 123,✅ Complete,2026-03-04,Generated ActsChapter25_v17-24.cs
637,Acts,44,Chapter 25,3,25–27,Batch 124,✅ Complete,2026-03-04,Generated ActsChapter25_v25-27.cs
638,Acts,44,Chapter 26,8,1–8,Batch 125,✅ Complete,2026-03-04,Generated ActsChapter26_v1-8.cs
639,Acts,44,Chapter 26,8,9–16,Batch 126,✅ Complete,2026-03-04,Generated ActsChapter26_v9-16.cs
640,Acts,44,Chapter 26,8,17–24,Batch 127,✅ Complete,2026-03-04,Generated ActsChapter26_v17-24.cs
641,Acts,44,Chapter 26,8,25–32,Batch 128,✅ Complete,2026-03-04,Generated ActsChapter26_v25-32.cs
642,Acts,44,Chapter 27,8,1–8,Batch 129,✅ Complete,2026-03-04,Generated ActsChapter27_v1-8.cs
643,Acts,44,Chapter 27,8,9–16,Batch 130,✅ Complete,2026-03-04,Generated ActsChapter27_v9-16.cs
644,Acts,44,Chapter 27,8,17–24,Batch 131,✅ Complete,2026-03-04,Generated ActsChapter27_v17-24.cs
645,Acts,44,Chapter 27,8,25–32,Batch 132,✅ Complete,2026-03-04,Generated ActsChapter27_v25-32.cs
646,Acts,44,Chapter 27,8,33–40,Batch 133,✅ Complete,2026-03-04,Generated ActsChapter27_v33-40.cs
647,Acts,44,Chapter 27,4,41–44,Batch 134,✅ Complete,2026-03-04,Generated ActsChapter27_v41-44.cs
648,Acts,44,Chapter 28,8,1–8,Batch 135,⬜ Pending,,Failed - see logs
649,Acts,44,Chapter 28,8,9–16,Batch 136,✅ Complete,2026-03-04,Generated ActsChapter28_v9-16.cs
650,Acts,44,Chapter 28,8,17–24,Batch 137,✅ Complete,2026-03-04,Generated ActsChapter28_v17-24.cs
651,Acts,44,Chapter 28,7,25–31,Batch 138,✅ Complete,2026-03-04,Generated ActsChapter28_v25-31.cs
📖  Romans  (Book #45),,,,,,,⬜ Pending,,
652,Romans,45,Chapter 1,8,1–8,Batch 1,⬜ Pending,,Failed - see logs
653,Romans,45,Chapter 1,8,9–16,Batch 2,✅ Complete,2026-03-04,Generated RomansChapter1_v9-16.cs
654,Romans,45,Chapter 1,8,17–24,Batch 3,⬜ Pending,,Failed - see logs
655,Romans,45,Chapter 1,8,25–32,Batch 4,✅ Complete,2026-03-04,Generated RomansChapter1_v25-32.cs
656,Romans,45,Chapter 2,8,1–8,Batch 5,✅ Complete,2026-03-04,Generated RomansChapter2_v1-8.cs
657,Romans,45,Chapter 2,8,9–16,Batch 6,✅ Complete,2026-03-04,Generated RomansChapter2_v9-16.cs
658,Romans,45,Chapter 2,8,17–24,Batch 7,✅ Complete,2026-03-04,Generated RomansChapter2_v17-24.cs
659,Romans,45,Chapter 2,5,25–29,Batch 8,⬜ Pending,,Failed - see logs
660,Romans,45,Chapter 3,8,1–8,Batch 9,✅ Complete,2026-03-04,Generated RomansChapter3_v1-8.cs
661,Romans,45,Chapter 3,8,9–16,Batch 10,✅ Complete,2026-03-04,Generated RomansChapter3_v9-16.cs
662,Romans,45,Chapter 3,8,17–24,Batch 11,✅ Complete,2026-03-04,Generated RomansChapter3_v17-24.cs
663,Romans,45,Chapter 3,7,25–31,Batch 12,⬜ Pending,,Failed - see logs
664,Romans,45,Chapter 4,8,1–8,Batch 13,✅ Complete,2026-03-04,Generated RomansChapter4_v1-8.cs
665,Romans,45,Chapter 4,8,9–16,Batch 14,⬜ Pending,,Failed - see logs
666,Romans,45,Chapter 4,8,17–24,Batch 15,⬜ Pending,,Failed - see logs
667,Romans,45,Chapter 4,1,25–25,Batch 16,✅ Complete,2026-03-04,Generated RomansChapter4_v25-25.cs
668,Romans,45,Chapter 5,8,1–8,Batch 17,✅ Complete,2026-03-04,Generated RomansChapter5_v1-8.cs
669,Romans,45,Chapter 5,8,9–16,Batch 18,✅ Complete,2026-03-04,Generated RomansChapter5_v9-16.cs
670,Romans,45,Chapter 5,5,17–21,Batch 19,✅ Complete,2026-03-04,Generated RomansChapter5_v17-21.cs
671,Romans,45,Chapter 6,8,1–8,Batch 20,⬜ Pending,,Failed - see logs
672,Romans,45,Chapter 6,8,9–16,Batch 21,✅ Complete,2026-03-04,Generated RomansChapter6_v9-16.cs
673,Romans,45,Chapter 6,7,17–23,Batch 22,⬜ Pending,,Failed - see logs
674,Romans,45,Chapter 7,8,1–8,Batch 23,✅ Complete,2026-03-04,Generated RomansChapter7_v1-8.cs
675,Romans,45,Chapter 7,8,9–16,Batch 24,✅ Complete,2026-03-04,Generated RomansChapter7_v9-16.cs
676,Romans,45,Chapter 7,8,17–24,Batch 25,✅ Complete,2026-03-04,Generated RomansChapter7_v17-24.cs
677,Romans,45,Chapter 7,1,25–25,Batch 26,✅ Complete,2026-03-04,Generated RomansChapter7_v25-25.cs
678,Romans,45,Chapter 8,8,1–8,Batch 27,✅ Complete,2026-03-04,Generated RomansChapter8_v1-8.cs
679,Romans,45,Chapter 8,8,9–16,Batch 28,✅ Complete,2026-03-04,Generated RomansChapter8_v9-16.cs
680,Romans,45,Chapter 8,8,17–24,Batch 29,✅ Complete,2026-03-04,Generated RomansChapter8_v17-24.cs
681,Romans,45,Chapter 8,8,25–32,Batch 30,✅ Complete,2026-03-04,Generated RomansChapter8_v25-32.cs
682,Romans,45,Chapter 8,7,33–39,Batch 31,✅ Complete,2026-03-04,Generated RomansChapter8_v33-39.cs
683,Romans,45,Chapter 9,8,1–8,Batch 32,✅ Complete,2026-03-04,Generated RomansChapter9_v1-8.cs
684,Romans,45,Chapter 9,8,9–16,Batch 33,✅ Complete,2026-03-04,Generated RomansChapter9_v9-16.cs
685,Romans,45,Chapter 9,8,17–24,Batch 34,✅ Complete,2026-03-04,Generated RomansChapter9_v17-24.cs
686,Romans,45,Chapter 9,8,25–32,Batch 35,✅ Complete,2026-03-04,Generated RomansChapter9_v25-32.cs
687,Romans,45,Chapter 9,1,33–33,Batch 36,✅ Complete,2026-03-04,Generated RomansChapter9_v33-33.cs
688,Romans,45,Chapter 10,8,1–8,Batch 37,✅ Complete,2026-03-04,Generated RomansChapter10_v1-8.cs
689,Romans,45,Chapter 10,8,9–16,Batch 38,✅ Complete,2026-03-04,Generated RomansChapter10_v9-16.cs
690,Romans,45,Chapter 10,5,17–21,Batch 39,✅ Complete,2026-03-04,Generated RomansChapter10_v17-21.cs
691,Romans,45,Chapter 11,8,1–8,Batch 40,✅ Complete,2026-03-04,Generated RomansChapter11_v1-8.cs
692,Romans,45,Chapter 11,8,9–16,Batch 41,⬜ Pending,,
693,Romans,45,Chapter 11,8,17–24,Batch 42,⬜ Pending,,
694,Romans,45,Chapter 11,8,25–32,Batch 43,⬜ Pending,,
695,Romans,45,Chapter 11,4,33–36,Batch 44,⬜ Pending,,
696,Romans,45,Chapter 12,8,1–8,Batch 45,⬜ Pending,,
697,Romans,45,Chapter 12,8,9–16,Batch 46,⬜ Pending,,
698,Romans,45,Chapter 12,5,17–21,Batch 47,⬜ Pending,,
699,Romans,45,Chapter 13,8,1–8,Batch 48,⬜ Pending,,
700,Romans,45,Chapter 13,6,9–14,Batch 49,⬜ Pending,,
701,Romans,45,Chapter 14,8,1–8,Batch 50,⬜ Pending,,
702,Romans,45,Chapter 14,8,9–16,Batch 51,⬜ Pending,,
703,Romans,45,Chapter 14,7,17–23,Batch 52,⬜ Pending,,
704,Romans,45,Chapter 15,8,1–8,Batch 53,⬜ Pending,,
705,Romans,45,Chapter 15,8,9–16,Batch 54,⬜ Pending,,
706,Romans,45,Chapter 15,8,17–24,Batch 55,⬜ Pending,,
707,Romans,45,Chapter 15,8,25–32,Batch 56,⬜ Pending,,
708,Romans,45,Chapter 15,1,33–33,Batch 57,⬜ Pending,,
709,Romans,45,Chapter 16,8,1–8,Batch 58,⬜ Pending,,
710,Romans,45,Chapter 16,8,9–16,Batch 59,⬜ Pending,,
711,Romans,45,Chapter 16,8,17–24,Batch 60,⬜ Pending,,
712,Romans,45,Chapter 16,3,25–27,Batch 61,⬜ Pending,,
📖  1 Corinthians  (Book #46),,,,,,,⬜ Pending,,
713,1 Corinthians,46,Chapter 1,8,1–8,Batch 1,⬜ Pending,,
714,1 Corinthians,46,Chapter 1,8,9–16,Batch 2,⬜ Pending,,
715,1 Corinthians,46,Chapter 1,8,17–24,Batch 3,⬜ Pending,,
716,1 Corinthians,46,Chapter 1,7,25–31,Batch 4,⬜ Pending,,
717,1 Corinthians,46,Chapter 2,8,1–8,Batch 5,⬜ Pending,,
718,1 Corinthians,46,Chapter 2,8,9–16,Batch 6,⬜ Pending,,
719,1 Corinthians,46,Chapter 3,8,1–8,Batch 7,⬜ Pending,,
720,1 Corinthians,46,Chapter 3,8,9–16,Batch 8,⬜ Pending,,
721,1 Corinthians,46,Chapter 3,7,17–23,Batch 9,⬜ Pending,,
722,1 Corinthians,46,Chapter 4,8,1–8,Batch 10,⬜ Pending,,
723,1 Corinthians,46,Chapter 4,8,9–16,Batch 11,⬜ Pending,,
724,1 Corinthians,46,Chapter 4,5,17–21,Batch 12,⬜ Pending,,
725,1 Corinthians,46,Chapter 5,8,1–8,Batch 13,⬜ Pending,,
726,1 Corinthians,46,Chapter 5,5,9–13,Batch 14,⬜ Pending,,
727,1 Corinthians,46,Chapter 6,8,1–8,Batch 15,⬜ Pending,,
728,1 Corinthians,46,Chapter 6,8,9–16,Batch 16,⬜ Pending,,
729,1 Corinthians,46,Chapter 6,4,17–20,Batch 17,⬜ Pending,,
730,1 Corinthians,46,Chapter 7,8,1–8,Batch 18,⬜ Pending,,
731,1 Corinthians,46,Chapter 7,8,9–16,Batch 19,⬜ Pending,,
732,1 Corinthians,46,Chapter 7,8,17–24,Batch 20,⬜ Pending,,
733,1 Corinthians,46,Chapter 7,8,25–32,Batch 21,⬜ Pending,,
734,1 Corinthians,46,Chapter 7,8,33–40,Batch 22,⬜ Pending,,
735,1 Corinthians,46,Chapter 8,8,1–8,Batch 23,⬜ Pending,,
736,1 Corinthians,46,Chapter 8,8,9–16,Batch 24,⬜ Pending,,
737,1 Corinthians,46,Chapter 8,8,17–24,Batch 25,⬜ Pending,,
738,1 Corinthians,46,Chapter 8,8,25–32,Batch 26,⬜ Pending,,
739,1 Corinthians,46,Chapter 8,2,33–34,Batch 27,⬜ Pending,,
740,1 Corinthians,46,Chapter 9,8,1–8,Batch 28,⬜ Pending,,
741,1 Corinthians,46,Chapter 9,8,9–16,Batch 29,⬜ Pending,,
742,1 Corinthians,46,Chapter 9,8,17–24,Batch 30,⬜ Pending,,
743,1 Corinthians,46,Chapter 9,4,25–28,Batch 31,⬜ Pending,,
744,1 Corinthians,46,Chapter 10,8,1–8,Batch 32,⬜ Pending,,
745,1 Corinthians,46,Chapter 10,8,9–16,Batch 33,⬜ Pending,,
746,1 Corinthians,46,Chapter 10,8,17–24,Batch 34,⬜ Pending,,
747,1 Corinthians,46,Chapter 10,3,25–27,Batch 35,⬜ Pending,,
748,1 Corinthians,46,Chapter 11,8,1–8,Batch 36,⬜ Pending,,
749,1 Corinthians,46,Chapter 11,8,9–16,Batch 37,⬜ Pending,,
750,1 Corinthians,46,Chapter 11,8,17–24,Batch 38,⬜ Pending,,
751,1 Corinthians,46,Chapter 11,8,25–32,Batch 39,⬜ Pending,,
752,1 Corinthians,46,Chapter 11,3,33–35,Batch 40,⬜ Pending,,
753,1 Corinthians,46,Chapter 12,8,1–8,Batch 41,⬜ Pending,,
754,1 Corinthians,46,Chapter 12,8,9–16,Batch 42,⬜ Pending,,
755,1 Corinthians,46,Chapter 12,8,17–24,Batch 43,⬜ Pending,,
756,1 Corinthians,46,Chapter 12,2,25–26,Batch 44,⬜ Pending,,
757,1 Corinthians,46,Chapter 13,8,1–8,Batch 45,⬜ Pending,,
758,1 Corinthians,46,Chapter 13,8,9–16,Batch 46,⬜ Pending,,
759,1 Corinthians,46,Chapter 13,8,17–24,Batch 47,⬜ Pending,,
760,1 Corinthians,46,Chapter 13,1,25–25,Batch 48,⬜ Pending,,
761,1 Corinthians,46,Chapter 14,8,1–8,Batch 49,⬜ Pending,,
762,1 Corinthians,46,Chapter 14,8,9–16,Batch 50,⬜ Pending,,
763,1 Corinthians,46,Chapter 14,8,17–24,Batch 51,⬜ Pending,,
764,1 Corinthians,46,Chapter 15,8,1–8,Batch 52,⬜ Pending,,
765,1 Corinthians,46,Chapter 15,8,9–16,Batch 53,⬜ Pending,,
766,1 Corinthians,46,Chapter 15,8,17–24,Batch 54,⬜ Pending,,
767,1 Corinthians,46,Chapter 15,8,25–32,Batch 55,⬜ Pending,,
768,1 Corinthians,46,Chapter 15,3,33–35,Batch 56,⬜ Pending,,
769,1 Corinthians,46,Chapter 16,8,1–8,Batch 57,⬜ Pending,,
770,1 Corinthians,46,Chapter 16,8,9–16,Batch 58,⬜ Pending,,
771,1 Corinthians,46,Chapter 16,8,17–24,Batch 59,⬜ Pending,,
772,1 Corinthians,46,Chapter 16,6,25–30,Batch 60,⬜ Pending,,
773,1 Corinthians,46,Chapter 17,8,1–8,Batch 61,⬜ Pending,,
774,1 Corinthians,46,Chapter 17,3,9–11,Batch 62,⬜ Pending,,
775,1 Corinthians,46,Chapter 18,8,1–8,Batch 63,⬜ Pending,,
776,1 Corinthians,46,Chapter 18,8,9–16,Batch 64,⬜ Pending,,
777,1 Corinthians,46,Chapter 18,8,17–24,Batch 65,⬜ Pending,,
778,1 Corinthians,46,Chapter 18,7,25–31,Batch 66,⬜ Pending,,
779,1 Corinthians,46,Chapter 19,8,1–8,Batch 67,⬜ Pending,,
780,1 Corinthians,46,Chapter 19,7,9–15,Batch 68,⬜ Pending,,
781,1 Corinthians,46,Chapter 20,8,1–8,Batch 69,⬜ Pending,,
782,1 Corinthians,46,Chapter 20,8,9–16,Batch 70,⬜ Pending,,
783,1 Corinthians,46,Chapter 20,8,17–24,Batch 71,⬜ Pending,,
784,1 Corinthians,46,Chapter 20,4,25–28,Batch 72,⬜ Pending,,
785,1 Corinthians,46,Chapter 21,8,1–8,Batch 73,⬜ Pending,,
📖  2 Corinthians  (Book #47),,,,,,,⬜ Pending,,
786,2 Corinthians,47,Chapter 1,8,1–8,Batch 1,⬜ Pending,,
787,2 Corinthians,47,Chapter 1,8,9–16,Batch 2,⬜ Pending,,
788,2 Corinthians,47,Chapter 1,8,17–24,Batch 3,⬜ Pending,,
789,2 Corinthians,47,Chapter 2,8,1–8,Batch 4,⬜ Pending,,
790,2 Corinthians,47,Chapter 2,8,9–16,Batch 5,⬜ Pending,,
791,2 Corinthians,47,Chapter 2,1,17–17,Batch 6,⬜ Pending,,
792,2 Corinthians,47,Chapter 3,8,1–8,Batch 7,⬜ Pending,,
793,2 Corinthians,47,Chapter 3,8,9–16,Batch 8,⬜ Pending,,
794,2 Corinthians,47,Chapter 3,2,17–18,Batch 9,⬜ Pending,,
795,2 Corinthians,47,Chapter 4,8,1–8,Batch 10,⬜ Pending,,
796,2 Corinthians,47,Chapter 4,8,9–16,Batch 11,⬜ Pending,,
797,2 Corinthians,47,Chapter 4,2,17–18,Batch 12,⬜ Pending,,
798,2 Corinthians,47,Chapter 5,8,1–8,Batch 13,⬜ Pending,,
799,2 Corinthians,47,Chapter 5,8,9–16,Batch 14,⬜ Pending,,
800,2 Corinthians,47,Chapter 5,5,17–21,Batch 15,⬜ Pending,,
801,2 Corinthians,47,Chapter 6,8,1–8,Batch 16,⬜ Pending,,
802,2 Corinthians,47,Chapter 6,8,9–16,Batch 17,⬜ Pending,,
803,2 Corinthians,47,Chapter 6,2,17–18,Batch 18,⬜ Pending,,
804,2 Corinthians,47,Chapter 7,8,1–8,Batch 19,⬜ Pending,,
805,2 Corinthians,47,Chapter 7,8,9–16,Batch 20,⬜ Pending,,
806,2 Corinthians,47,Chapter 8,8,1–8,Batch 21,⬜ Pending,,
807,2 Corinthians,47,Chapter 8,8,9–16,Batch 22,⬜ Pending,,
808,2 Corinthians,47,Chapter 8,8,17–24,Batch 23,⬜ Pending,,
809,2 Corinthians,47,Chapter 9,8,1–8,Batch 24,⬜ Pending,,
810,2 Corinthians,47,Chapter 9,7,9–15,Batch 25,⬜ Pending,,
811,2 Corinthians,47,Chapter 10,8,1–8,Batch 26,⬜ Pending,,
812,2 Corinthians,47,Chapter 10,8,9–16,Batch 27,⬜ Pending,,
813,2 Corinthians,47,Chapter 10,2,17–18,Batch 28,⬜ Pending,,
814,2 Corinthians,47,Chapter 11,8,1–8,Batch 29,⬜ Pending,,
815,2 Corinthians,47,Chapter 11,8,9–16,Batch 30,⬜ Pending,,
816,2 Corinthians,47,Chapter 11,8,17–24,Batch 31,⬜ Pending,,
817,2 Corinthians,47,Chapter 11,8,25–32,Batch 32,⬜ Pending,,
818,2 Corinthians,47,Chapter 11,1,33–33,Batch 33,⬜ Pending,,
819,2 Corinthians,47,Chapter 12,8,1–8,Batch 34,⬜ Pending,,
820,2 Corinthians,47,Chapter 12,8,9–16,Batch 35,⬜ Pending,,
821,2 Corinthians,47,Chapter 12,5,17–21,Batch 36,⬜ Pending,,
822,2 Corinthians,47,Chapter 13,8,1–8,Batch 37,⬜ Pending,,
823,2 Corinthians,47,Chapter 13,6,9–14,Batch 38,⬜ Pending,,
📖  Galatians  (Book #48),,,,,,,⬜ Pending,,
824,Galatians,48,Chapter 1,8,1–8,Batch 1,⬜ Pending,,
825,Galatians,48,Chapter 1,8,9–16,Batch 2,⬜ Pending,,
826,Galatians,48,Chapter 1,8,17–24,Batch 3,⬜ Pending,,
827,Galatians,48,Chapter 2,8,1–8,Batch 4,⬜ Pending,,
828,Galatians,48,Chapter 2,8,9–16,Batch 5,⬜ Pending,,
829,Galatians,48,Chapter 2,5,17–21,Batch 6,⬜ Pending,,
830,Galatians,48,Chapter 3,8,1–8,Batch 7,⬜ Pending,,
831,Galatians,48,Chapter 3,8,9–16,Batch 8,⬜ Pending,,
832,Galatians,48,Chapter 3,8,17–24,Batch 9,⬜ Pending,,
833,Galatians,48,Chapter 3,5,25–29,Batch 10,⬜ Pending,,
834,Galatians,48,Chapter 4,8,1–8,Batch 11,⬜ Pending,,
835,Galatians,48,Chapter 4,8,9–16,Batch 12,⬜ Pending,,
836,Galatians,48,Chapter 4,8,17–24,Batch 13,⬜ Pending,,
837,Galatians,48,Chapter 4,7,25–31,Batch 14,⬜ Pending,,
838,Galatians,48,Chapter 5,8,1–8,Batch 15,⬜ Pending,,
839,Galatians,48,Chapter 5,8,9–16,Batch 16,⬜ Pending,,
840,Galatians,48,Chapter 5,8,17–24,Batch 17,⬜ Pending,,
841,Galatians,48,Chapter 5,2,25–26,Batch 18,⬜ Pending,,
842,Galatians,48,Chapter 6,8,1–8,Batch 19,⬜ Pending,,
843,Galatians,48,Chapter 6,8,9–16,Batch 20,⬜ Pending,,
844,Galatians,48,Chapter 6,2,17–18,Batch 21,⬜ Pending,,
📖  Ephesians  (Book #49),,,,,,,⬜ Pending,,
845,Ephesians,49,Chapter 1,8,1–8,Batch 1,⬜ Pending,,
846,Ephesians,49,Chapter 1,8,9–16,Batch 2,⬜ Pending,,
847,Ephesians,49,Chapter 1,7,17–23,Batch 3,⬜ Pending,,
848,Ephesians,49,Chapter 2,8,1–8,Batch 4,⬜ Pending,,
849,Ephesians,49,Chapter 2,8,9–16,Batch 5,⬜ Pending,,
850,Ephesians,49,Chapter 2,6,17–22,Batch 6,⬜ Pending,,
851,Ephesians,49,Chapter 3,8,1–8,Batch 7,⬜ Pending,,
852,Ephesians,49,Chapter 3,8,9–16,Batch 8,⬜ Pending,,
853,Ephesians,49,Chapter 3,5,17–21,Batch 9,⬜ Pending,,
854,Ephesians,49,Chapter 4,8,1–8,Batch 10,⬜ Pending,,
855,Ephesians,49,Chapter 4,8,9–16,Batch 11,⬜ Pending,,
856,Ephesians,49,Chapter 4,8,17–24,Batch 12,⬜ Pending,,
857,Ephesians,49,Chapter 4,8,25–32,Batch 13,⬜ Pending,,
858,Ephesians,49,Chapter 5,8,1–8,Batch 14,⬜ Pending,,
859,Ephesians,49,Chapter 5,8,9–16,Batch 15,⬜ Pending,,
860,Ephesians,49,Chapter 5,8,17–24,Batch 16,⬜ Pending,,
861,Ephesians,49,Chapter 5,8,25–32,Batch 17,⬜ Pending,,
862,Ephesians,49,Chapter 5,1,33–33,Batch 18,⬜ Pending,,
863,Ephesians,49,Chapter 6,8,1–8,Batch 19,⬜ Pending,,
864,Ephesians,49,Chapter 6,8,9–16,Batch 20,⬜ Pending,,
865,Ephesians,49,Chapter 6,8,17–24,Batch 21,⬜ Pending,,
📖  Philippians  (Book #50),,,,,,,⬜ Pending,,
866,Philippians,50,Chapter 1,8,1–8,Batch 1,⬜ Pending,,
867,Philippians,50,Chapter 1,8,9–16,Batch 2,⬜ Pending,,
868,Philippians,50,Chapter 1,8,17–24,Batch 3,⬜ Pending,,
869,Philippians,50,Chapter 1,6,25–30,Batch 4,⬜ Pending,,
870,Philippians,50,Chapter 2,8,1–8,Batch 5,⬜ Pending,,
871,Philippians,50,Chapter 2,8,9–16,Batch 6,⬜ Pending,,
872,Philippians,50,Chapter 2,8,17–24,Batch 7,⬜ Pending,,
873,Philippians,50,Chapter 2,6,25–30,Batch 8,⬜ Pending,,
874,Philippians,50,Chapter 3,8,1–8,Batch 9,⬜ Pending,,
875,Philippians,50,Chapter 3,8,9–16,Batch 10,⬜ Pending,,
876,Philippians,50,Chapter 3,5,17–21,Batch 11,⬜ Pending,,
877,Philippians,50,Chapter 4,8,1–8,Batch 12,⬜ Pending,,
878,Philippians,50,Chapter 4,8,9–16,Batch 13,⬜ Pending,,
879,Philippians,50,Chapter 4,7,17–23,Batch 14,⬜ Pending,,
📖  Colossians  (Book #51),,,,,,,⬜ Pending,,
880,Colossians,51,Chapter 1,8,1–8,Batch 1,⬜ Pending,,
881,Colossians,51,Chapter 1,8,9–16,Batch 2,⬜ Pending,,
882,Colossians,51,Chapter 1,8,17–24,Batch 3,⬜ Pending,,
883,Colossians,51,Chapter 1,5,25–29,Batch 4,⬜ Pending,,
884,Colossians,51,Chapter 2,8,1–8,Batch 5,⬜ Pending,,
885,Colossians,51,Chapter 2,8,9–16,Batch 6,⬜ Pending,,
886,Colossians,51,Chapter 2,7,17–23,Batch 7,⬜ Pending,,
887,Colossians,51,Chapter 3,8,1–8,Batch 8,⬜ Pending,,
888,Colossians,51,Chapter 3,8,9–16,Batch 9,⬜ Pending,,
889,Colossians,51,Chapter 3,8,17–24,Batch 10,⬜ Pending,,
890,Colossians,51,Chapter 3,1,25–25,Batch 11,⬜ Pending,,
891,Colossians,51,Chapter 4,8,1–8,Batch 12,⬜ Pending,,
892,Colossians,51,Chapter 4,8,9–16,Batch 13,⬜ Pending,,
893,Colossians,51,Chapter 4,2,17–18,Batch 14,⬜ Pending,,
📖  1 Thessalonians  (Book #52),,,,,,,⬜ Pending,,
894,1 Thessalonians,52,Chapter 1,8,1–8,Batch 1,⬜ Pending,,
895,1 Thessalonians,52,Chapter 1,2,9–10,Batch 2,⬜ Pending,,
896,1 Thessalonians,52,Chapter 2,8,1–8,Batch 3,⬜ Pending,,
897,1 Thessalonians,52,Chapter 2,8,9–16,Batch 4,⬜ Pending,,
898,1 Thessalonians,52,Chapter 2,4,17–20,Batch 5,⬜ Pending,,
899,1 Thessalonians,52,Chapter 3,8,1–8,Batch 6,⬜ Pending,,
900,1 Thessalonians,52,Chapter 3,5,9–13,Batch 7,⬜ Pending,,
901,1 Thessalonians,52,Chapter 4,8,1–8,Batch 8,⬜ Pending,,
902,1 Thessalonians,52,Chapter 4,8,9–16,Batch 9,⬜ Pending,,
903,1 Thessalonians,52,Chapter 4,2,17–18,Batch 10,⬜ Pending,,
904,1 Thessalonians,52,Chapter 5,8,1–8,Batch 11,⬜ Pending,,
905,1 Thessalonians,52,Chapter 5,8,9–16,Batch 12,⬜ Pending,,
906,1 Thessalonians,52,Chapter 5,8,17–24,Batch 13,⬜ Pending,,
907,1 Thessalonians,52,Chapter 5,4,25–28,Batch 14,⬜ Pending,,
📖  2 Thessalonians  (Book #53),,,,,,,⬜ Pending,,
908,2 Thessalonians,53,Chapter 1,8,1–8,Batch 1,⬜ Pending,,
909,2 Thessalonians,53,Chapter 1,4,9–12,Batch 2,⬜ Pending,,
910,2 Thessalonians,53,Chapter 2,8,1–8,Batch 3,⬜ Pending,,
911,2 Thessalonians,53,Chapter 2,8,9–16,Batch 4,⬜ Pending,,
912,2 Thessalonians,53,Chapter 2,1,17–17,Batch 5,⬜ Pending,,
913,2 Thessalonians,53,Chapter 3,8,1–8,Batch 6,⬜ Pending,,
914,2 Thessalonians,53,Chapter 3,8,9–16,Batch 7,⬜ Pending,,
915,2 Thessalonians,53,Chapter 3,2,17–18,Batch 8,⬜ Pending,,
📖  1 Timothy  (Book #54),,,,,,,⬜ Pending,,
916,1 Timothy,54,Chapter 1,8,1–8,Batch 1,⬜ Pending,,
917,1 Timothy,54,Chapter 1,8,9–16,Batch 2,⬜ Pending,,
918,1 Timothy,54,Chapter 1,4,17–20,Batch 3,⬜ Pending,,
919,1 Timothy,54,Chapter 2,8,1–8,Batch 4,⬜ Pending,,
920,1 Timothy,54,Chapter 2,7,9–15,Batch 5,⬜ Pending,,
921,1 Timothy,54,Chapter 3,8,1–8,Batch 6,⬜ Pending,,
922,1 Timothy,54,Chapter 3,8,9–16,Batch 7,⬜ Pending,,
923,1 Timothy,54,Chapter 4,8,1–8,Batch 8,⬜ Pending,,
924,1 Timothy,54,Chapter 4,8,9–16,Batch 9,⬜ Pending,,
925,1 Timothy,54,Chapter 5,8,1–8,Batch 10,⬜ Pending,,
926,1 Timothy,54,Chapter 5,8,9–16,Batch 11,⬜ Pending,,
927,1 Timothy,54,Chapter 5,8,17–24,Batch 12,⬜ Pending,,
928,1 Timothy,54,Chapter 5,1,25–25,Batch 13,⬜ Pending,,
929,1 Timothy,54,Chapter 6,8,1–8,Batch 14,⬜ Pending,,
930,1 Timothy,54,Chapter 6,8,9–16,Batch 15,⬜ Pending,,
931,1 Timothy,54,Chapter 6,5,17–21,Batch 16,⬜ Pending,,
📖  2 Timothy  (Book #55),,,,,,,⬜ Pending,,
932,2 Timothy,55,Chapter 1,8,1–8,Batch 1,⬜ Pending,,
933,2 Timothy,55,Chapter 1,8,9–16,Batch 2,⬜ Pending,,
934,2 Timothy,55,Chapter 1,2,17–18,Batch 3,⬜ Pending,,
935,2 Timothy,55,Chapter 2,8,1–8,Batch 4,⬜ Pending,,
936,2 Timothy,55,Chapter 2,8,9–16,Batch 5,⬜ Pending,,
937,2 Timothy,55,Chapter 2,8,17–24,Batch 6,⬜ Pending,,
938,2 Timothy,55,Chapter 2,2,25–26,Batch 7,⬜ Pending,,
939,2 Timothy,55,Chapter 3,8,1–8,Batch 8,⬜ Pending,,
940,2 Timothy,55,Chapter 3,8,9–16,Batch 9,⬜ Pending,,
941,2 Timothy,55,Chapter 3,1,17–17,Batch 10,⬜ Pending,,
942,2 Timothy,55,Chapter 4,8,1–8,Batch 11,⬜ Pending,,
943,2 Timothy,55,Chapter 4,8,9–16,Batch 12,⬜ Pending,,
944,2 Timothy,55,Chapter 4,6,17–22,Batch 13,⬜ Pending,,
📖  Titus  (Book #56),,,,,,,⬜ Pending,,
945,Titus,56,Chapter 1,8,1–8,Batch 1,⬜ Pending,,
946,Titus,56,Chapter 1,8,9–16,Batch 2,⬜ Pending,,
947,Titus,56,Chapter 2,8,1–8,Batch 3,⬜ Pending,,
948,Titus,56,Chapter 2,7,9–15,Batch 4,⬜ Pending,,
949,Titus,56,Chapter 3,8,1–8,Batch 5,⬜ Pending,,
950,Titus,56,Chapter 3,7,9–15,Batch 6,⬜ Pending,,
📖  Philemon  (Book #57),,,,,,,⬜ Pending,,
951,Philemon,57,Chapter 1,8,1–8,Batch 1,⬜ Pending,,
952,Philemon,57,Chapter 1,8,9–16,Batch 2,⬜ Pending,,
953,Philemon,57,Chapter 1,8,17–24,Batch 3,⬜ Pending,,
954,Philemon,57,Chapter 1,1,25–25,Batch 4,⬜ Pending,,
📖  Hebrews  (Book #58),,,,,,,⬜ Pending,,
955,Hebrews,58,Chapter 1,8,1–8,Batch 1,⬜ Pending,,
956,Hebrews,58,Chapter 1,6,9–14,Batch 2,⬜ Pending,,
957,Hebrews,58,Chapter 2,8,1–8,Batch 3,⬜ Pending,,
958,Hebrews,58,Chapter 2,8,9–16,Batch 4,⬜ Pending,,
959,Hebrews,58,Chapter 2,2,17–18,Batch 5,⬜ Pending,,
960,Hebrews,58,Chapter 3,8,1–8,Batch 6,⬜ Pending,,
961,Hebrews,58,Chapter 3,8,9–16,Batch 7,⬜ Pending,,
962,Hebrews,58,Chapter 3,3,17–19,Batch 8,⬜ Pending,,
963,Hebrews,58,Chapter 4,8,1–8,Batch 9,⬜ Pending,,
964,Hebrews,58,Chapter 4,8,9–16,Batch 10,⬜ Pending,,
965,Hebrews,58,Chapter 5,8,1–8,Batch 11,⬜ Pending,,
966,Hebrews,58,Chapter 5,6,9–14,Batch 12,⬜ Pending,,
967,Hebrews,58,Chapter 6,8,1–8,Batch 13,⬜ Pending,,
968,Hebrews,58,Chapter 6,8,9–16,Batch 14,⬜ Pending,,
969,Hebrews,58,Chapter 6,4,17–20,Batch 15,⬜ Pending,,
970,Hebrews,58,Chapter 7,8,1–8,Batch 16,⬜ Pending,,
971,Hebrews,58,Chapter 7,8,9–16,Batch 17,⬜ Pending,,
972,Hebrews,58,Chapter 7,8,17–24,Batch 18,⬜ Pending,,
973,Hebrews,58,Chapter 7,4,25–28,Batch 19,⬜ Pending,,
974,Hebrews,58,Chapter 8,8,1–8,Batch 20,⬜ Pending,,
975,Hebrews,58,Chapter 8,5,9–13,Batch 21,⬜ Pending,,
976,Hebrews,58,Chapter 9,8,1–8,Batch 22,⬜ Pending,,
977,Hebrews,58,Chapter 9,8,9–16,Batch 23,⬜ Pending,,
978,Hebrews,58,Chapter 9,8,17–24,Batch 24,⬜ Pending,,
979,Hebrews,58,Chapter 9,4,25–28,Batch 25,⬜ Pending,,
980,Hebrews,58,Chapter 10,8,1–8,Batch 26,⬜ Pending,,
981,Hebrews,58,Chapter 10,8,9–16,Batch 27,⬜ Pending,,
982,Hebrews,58,Chapter 10,8,17–24,Batch 28,⬜ Pending,,
983,Hebrews,58,Chapter 10,8,25–32,Batch 29,⬜ Pending,,
984,Hebrews,58,Chapter 10,7,33–39,Batch 30,⬜ Pending,,
985,Hebrews,58,Chapter 11,8,1–8,Batch 31,⬜ Pending,,
986,Hebrews,58,Chapter 11,8,9–16,Batch 32,⬜ Pending,,
987,Hebrews,58,Chapter 11,8,17–24,Batch 33,⬜ Pending,,
988,Hebrews,58,Chapter 11,8,25–32,Batch 34,⬜ Pending,,
989,Hebrews,58,Chapter 11,8,33–40,Batch 35,⬜ Pending,,
990,Hebrews,58,Chapter 12,8,1–8,Batch 36,⬜ Pending,,
991,Hebrews,58,Chapter 12,8,9–16,Batch 37,⬜ Pending,,
992,Hebrews,58,Chapter 12,8,17–24,Batch 38,⬜ Pending,,
993,Hebrews,58,Chapter 12,5,25–29,Batch 39,⬜ Pending,,
994,Hebrews,58,Chapter 13,8,1–8,Batch 40,⬜ Pending,,
995,Hebrews,58,Chapter 13,8,9–16,Batch 41,⬜ Pending,,
996,Hebrews,58,Chapter 13,8,17–24,Batch 42,⬜ Pending,,
997,Hebrews,58,Chapter 13,1,25–25,Batch 43,⬜ Pending,,
📖  James  (Book #59),,,,,,,⬜ Pending,,
998,James,59,Chapter 1,8,1–8,Batch 1,⬜ Pending,,
999,James,59,Chapter 1,8,9–16,Batch 2,⬜ Pending,,
1000,James,59,Chapter 1,8,17–24,Batch 3,⬜ Pending,,
1001,James,59,Chapter 1,3,25–27,Batch 4,⬜ Pending,,
1002,James,59,Chapter 2,8,1–8,Batch 5,⬜ Pending,,
1003,James,59,Chapter 2,8,9–16,Batch 6,⬜ Pending,,
1004,James,59,Chapter 2,8,17–24,Batch 7,⬜ Pending,,
1005,James,59,Chapter 2,2,25–26,Batch 8,⬜ Pending,,
1006,James,59,Chapter 3,8,1–8,Batch 9,⬜ Pending,,
1007,James,59,Chapter 3,8,9–16,Batch 10,⬜ Pending,,
1008,James,59,Chapter 3,2,17–18,Batch 11,⬜ Pending,,
1009,James,59,Chapter 4,8,1–8,Batch 12,⬜ Pending,,
1010,James,59,Chapter 4,8,9–16,Batch 13,⬜ Pending,,
1011,James,59,Chapter 4,1,17–17,Batch 14,⬜ Pending,,
1012,James,59,Chapter 5,8,1–8,Batch 15,⬜ Pending,,
1013,James,59,Chapter 5,8,9–16,Batch 16,⬜ Pending,,
1014,James,59,Chapter 5,4,17–20,Batch 17,⬜ Pending,,
📖  1 Peter  (Book #60),,,,,,,⬜ Pending,,
1015,1 Peter,60,Chapter 1,8,1–8,Batch 1,⬜ Pending,,
1016,1 Peter,60,Chapter 1,8,9–16,Batch 2,⬜ Pending,,
1017,1 Peter,60,Chapter 1,8,17–24,Batch 3,⬜ Pending,,
1018,1 Peter,60,Chapter 1,1,25–25,Batch 4,⬜ Pending,,
1019,1 Peter,60,Chapter 2,8,1–8,Batch 5,⬜ Pending,,
1020,1 Peter,60,Chapter 2,8,9–16,Batch 6,⬜ Pending,,
1021,1 Peter,60,Chapter 2,8,17–24,Batch 7,⬜ Pending,,
1022,1 Peter,60,Chapter 2,1,25–25,Batch 8,⬜ Pending,,
1023,1 Peter,60,Chapter 3,8,1–8,Batch 9,⬜ Pending,,
1024,1 Peter,60,Chapter 3,8,9–16,Batch 10,⬜ Pending,,
1025,1 Peter,60,Chapter 3,6,17–22,Batch 11,⬜ Pending,,
1026,1 Peter,60,Chapter 4,8,1–8,Batch 12,⬜ Pending,,
1027,1 Peter,60,Chapter 4,8,9–16,Batch 13,⬜ Pending,,
1028,1 Peter,60,Chapter 4,3,17–19,Batch 14,⬜ Pending,,
1029,1 Peter,60,Chapter 5,8,1–8,Batch 15,⬜ Pending,,
1030,1 Peter,60,Chapter 5,6,9–14,Batch 16,⬜ Pending,,
📖  2 Peter  (Book #61),,,,,,,,,
1031,2 Peter,61,Chapter 1,8,1–8,Batch 1,⬜ Pending,,
1032,2 Peter,61,Chapter 1,8,9–16,Batch 2,⬜ Pending,,
1033,2 Peter,61,Chapter 1,5,17–21,Batch 3,⬜ Pending,,
1034,2 Peter,61,Chapter 2,8,1–8,Batch 4,⬜ Pending,,
1035,2 Peter,61,Chapter 2,8,9–16,Batch 5,⬜ Pending,,
1036,2 Peter,61,Chapter 2,6,17–22,Batch 6,⬜ Pending,,
1037,2 Peter,61,Chapter 3,8,1–8,Batch 7,⬜ Pending,,
1038,2 Peter,61,Chapter 3,8,9–16,Batch 8,⬜ Pending,,
1039,2 Peter,61,Chapter 3,2,17–18,Batch 9,⬜ Pending,,
📖  1 John  (Book #62),,,,,,,,,
1040,1 John,62,Chapter 1,8,1–8,Batch 1,✅ Complete,,
1041,1 John,62,Chapter 1,2,9–10,Batch 2,✅ Complete,2026-03-02,Generated 1JohnChapter1_v9-10.cs
1042,1 John,62,Chapter 2,8,1–8,Batch 3,✅ Complete,,
1043,1 John,62,Chapter 2,4,9–12,Batch 4,✅ Complete,,
1043,1 John,62,Chapter 2,4,13–16,Batch 5,✅ Complete,,
1044,1 John,62,Chapter 2,4,17–20,Batch 6,✅ Complete,,
1044,1 John,62,Chapter 2,4,21–24,Batch 7,✅ Complete,,
1045,1 John,62,Chapter 2,5,25–29,Batch 8,✅ Complete,,
1046,1 John,62,Chapter 3,8,1–8,Batch 9,✅ Complete,,
1047,1 John,62,Chapter 3,8,9–16,Batch 10,✅ Complete,,
1048,1 John,62,Chapter 3,8,17–24,Batch 11,✅ Complete,,
1049,1 John,62,Chapter 4,8,1–8,Batch 12,✅ Complete,,
1050,1 John,62,Chapter 4,8,9–16,Batch 13,✅ Complete,,
1051,1 John,62,Chapter 4,5,17–21,Batch 14,✅ Complete,,
1052,1 John,62,Chapter 5,8,1–8,Batch 15,✅ Complete,,
1053,1 John,62,Chapter 5,8,9–16,Batch 16,✅ Complete,,
1054,1 John,62,Chapter 5,5,17–21,Batch 17,✅ Complete,,
📖  2 John  (Book #63),,,,,,,✅ Complete,,
1055,2 John,63,Chapter 1,8,1–8,Batch 1,✅ Complete,,
1056,2 John,63,Chapter 1,5,9–13,Batch 2,✅ Complete,,
📖  3 John  (Book #64),,,,,,,✅ Complete,,
1057,3 John,64,Chapter 1,8,1–8,Batch 1,✅ Complete,,
1058,3 John,64,Chapter 1,6,9–14,Batch 2,✅ Complete,,
📖  Jude  (Book #65),,,,,,,✅ Complete,,
1059,Jude,65,Chapter 1,8,1–8,Batch 1,✅ Complete,,
1060,Jude,65,Chapter 1,8,9–16,Batch 2,✅ Complete,,
1061,Jude,65,Chapter 1,8,17–24,Batch 3,✅ Complete,,
1062,Jude,65,Chapter 1,1,25–25,Batch 4,✅ Complete,,
📖  Revelation  (Book #66),,,,,,,✅ Complete,,
1063,Revelation,66,Chapter 1,8,1–8,Batch 1,✅ Complete,,
1064,Revelation,66,Chapter 1,8,9–16,Batch 2,✅ Complete,,
1065,Revelation,66,Chapter 1,4,17–20,Batch 3,✅ Complete,,
1066,Revelation,66,Chapter 2,8,1–8,Batch 4,✅ Complete,,
1067,Revelation,66,Chapter 2,8,9–16,Batch 5,✅ Complete,,
1068,Revelation,66,Chapter 2,8,17–24,Batch 6,✅ Complete,,
1069,Revelation,66,Chapter 2,5,25–29,Batch 7,✅ Complete,,
1070,Revelation,66,Chapter 3,8,1–8,Batch 8,✅ Complete,,
1071,Revelation,66,Chapter 3,8,9–16,Batch 9,✅ Complete,,
1072,Revelation,66,Chapter 3,6,17–22,Batch 10,✅ Complete,,
1073,Revelation,66,Chapter 4,8,1–8,Batch 11,✅ Complete,,
1074,Revelation,66,Chapter 4,3,9–11,Batch 12,✅ Complete,,
1075,Revelation,66,Chapter 5,8,1–8,Batch 13,✅ Complete,,
1076,Revelation,66,Chapter 5,6,9–14,Batch 14,✅ Complete,,
1077,Revelation,66,Chapter 6,8,1–8,Batch 15,✅ Complete,,
1078,Revelation,66,Chapter 6,8,9–16,Batch 16,✅ Complete,,
1079,Revelation,66,Chapter 6,1,17–17,Batch 17,✅ Complete,2026-03-02,Generated RevelationChapter6_v17-17.cs
1080,Revelation,66,Chapter 7,8,1–8,Batch 18,✅ Complete,,
1081,Revelation,66,Chapter 7,8,9–16,Batch 19,✅ Complete,,
1082,Revelation,66,Chapter 7,1,17–17,Batch 20,✅ Complete,,
1083,Revelation,66,Chapter 8,8,1–8,Batch 21,✅ Complete,,
1084,Revelation,66,Chapter 8,5,9–13,Batch 22,✅ Complete,,
1085,Revelation,66,Chapter 9,8,1–8,Batch 23,✅ Complete,,
1086,Revelation,66,Chapter 9,8,9–16,Batch 24,✅ Complete,,
1087,Revelation,66,Chapter 9,5,17–21,Batch 25,✅ Complete,,
1088,Revelation,66,Chapter 10,8,1–8,Batch 26,✅ Complete,,
1089,Revelation,66,Chapter 10,3,9–11,Batch 27,✅ Complete,,
1090,Revelation,66,Chapter 11,8,1–8,Batch 28,✅ Complete,,
1091,Revelation,66,Chapter 11,8,9–16,Batch 29,✅ Complete,,
1092,Revelation,66,Chapter 11,3,17–19,Batch 30,✅ Complete,,
1093,Revelation,66,Chapter 12,8,1–8,Batch 31,✅ Complete,,
1094,Revelation,66,Chapter 12,8,9–16,Batch 32,✅ Complete,,
1095,Revelation,66,Chapter 12,1,17–17,Batch 33,✅ Complete,,
1096,Revelation,66,Chapter 13,8,1–8,Batch 34,✅ Complete,,
1097,Revelation,66,Chapter 13,8,9–16,Batch 35,✅ Complete,2026-03-03,Generated RevelationChapter13_v9-16.cs
1098,Revelation,66,Chapter 13,2,17–18,Batch 36,✅ Complete,,
1099,Revelation,66,Chapter 14,8,1–8,Batch 37,✅ Complete,,
1100,Revelation,66,Chapter 14,8,9–16,Batch 38,✅ Complete,,
1101,Revelation,66,Chapter 14,4,17–20,Batch 39,✅ Complete,,
1102,Revelation,66,Chapter 15,8,1–8,Batch 40,✅ Complete,,
1103,Revelation,66,Chapter 16,8,1–8,Batch 41,✅ Complete,,
1104,Revelation,66,Chapter 16,8,9–16,Batch 42,✅ Complete,,
1105,Revelation,66,Chapter 16,5,17–21,Batch 43,✅ Complete,,
1106,Revelation,66,Chapter 17,8,1–8,Batch 44,✅ Complete,,
1107,Revelation,66,Chapter 17,8,9–16,Batch 45,✅ Complete,,
1108,Revelation,66,Chapter 17,2,17–18,Batch 46,✅ Complete,,
1109,Revelation,66,Chapter 18,8,1–8,Batch 47,✅ Complete,,
1110,Revelation,66,Chapter 18,8,9–16,Batch 48,✅ Complete,,
1111,Revelation,66,Chapter 18,8,17–24,Batch 49,✅ Complete,,
1112,Revelation,66,Chapter 19,8,1–8,Batch 50,✅ Complete,,
1113,Revelation,66,Chapter 19,8,9–16,Batch 51,✅ Complete,,
1114,Revelation,66,Chapter 19,5,17–21,Batch 52,✅ Complete,2026-03-02,Generated RevelationChapter19_v17-21.cs
1115,Revelation,66,Chapter 20,8,1–8,Batch 53,✅ Complete,,
1116,Revelation,66,Chapter 20,7,9–15,Batch 54,✅ Complete,,
1117,Revelation,66,Chapter 21,8,1–8,Batch 55,✅ Complete,,
1118,Revelation,66,Chapter 21,8,9–16,Batch 56,✅ Complete,,
1119,Revelation,66,Chapter 21,8,17–24,Batch 57,✅ Complete,,
1120,Revelation,66,Chapter 21,3,25–27,Batch 58,✅ Complete,,
1121,Revelation,66,Chapter 22,8,1–8,Batch 59,✅ Complete,,
1122,Revelation,66,Chapter 22,8,9–16,Batch 60,✅ Complete,,
1123,Revelation,66,Chapter 22,5,17–21,Batch 61,✅ Complete,,
,,,,,,,,,
Total NT Batches: 1123,,,,,,,,,
